date,label
2023-06-18,"Bearish: 0, Neutral: 3, Bullish: 2"
2023-06-17,"Bearish: 0, Neutral: 4, Bullish: 3"
2023-06-16,"Bearish: 1 tweet, Neutral: 10 , Bullish: 6 "
2023-06-15,"Bearish: 2 , Neutral: 9 , Bullish: 4 "
2023-06-14,"Bearish: 1 tweet, Neutral: 10 , Bullish: 9 "
2023-06-13,"Bearish: 4 , Neutral: 14 , Bullish: 10 "
2023-06-12,"Bearish: 3, Neutral: 14, Bullish: 13"
2023-06-11,"Bearish: 2, Neutral: 14, Bullish: 9"
2023-06-10,"Bearish: 2, Neutral: 14, Bullish: 6"
2023-06-09,"Bearish: 2, Neutral: 16, Bullish: 10"
2023-06-08,"Bearish: 2, Neutral: 16, Bullish: 9"
2023-06-07,"Bearish: 2, Neutral: 14, Bullish: 9"
2023-06-04,"Bearish: 4, Neutral: 14, Bullish: 9"
2023-06-03,"Bearish: 1, Neutral: 11, Bullish: 7"
2023-06-02,"Bearish: 4 , Neutral: 19 , Bullish: 14 "
2023-06-01,"Bearish: 4, Neutral: 16, Bullish: 9"
2023-05-29,"Bearish: 2, Neutral: 16, Bullish: 11"
2023-05-28,"Bearish: 3 , Neutral: 10 , Bullish: 7 "
2023-05-27,"Bearish: 1 tweet, Neutral: 16 , Bullish: 10 "
2023-05-26,"Bearish: 4 , Neutral: 16 , Bullish: 10 "
2023-05-21,"Bearish: 2, Neutral: 14, Bullish: 10"
2023-05-20,"Bearish: 0, Neutral: 14, Bullish: 19"
2023-05-18,"Bearish: 2, Neutral: 15, Bullish: 13"
2023-05-17,"Bearish: 4 , Neutral: 19 , Bullish: 11 "
2023-05-14,"Bearish: 4, Neutral: 16, Bullish: 9"
2023-05-13,"Bearish: 2, Neutral: 11, Bullish: 7"
2023-05-12,"Bearish: 5 , Neutral: 15 , Bullish: 10 "
2023-05-07,"Bearish: 4 , Neutral: 11 , Bullish: 10 "
2023-05-06,"Bearish: 2, Neutral: 9, Bullish: 10"
2023-04-30,"Bearish: 3 , Neutral: 15 , Bullish: 9 "
2023-04-29,"Bearish: 2, Neutral: 10, Bullish: 12"
2023-04-23,"Bearish: 0, Neutral: 10, Bullish: 13"
2023-04-22,"Bearish: 4 , Neutral: 14 , Bullish: 9 "
2023-04-16,"Bearish: 3 , Neutral: 12 , Bullish: 8 "
2023-04-15,"Bearish: 1, Neutral: 10, Bullish: 14"
2023-04-09,"Bearish: 2 , Neutral: 10 , Bullish: 11 "
2023-04-08,"Bearish: 0, Neutral: 14, Bullish: 11"
2023-04-02,"Bearish: 4, Neutral: 14, Bullish: 9"
2023-04-01,"Bearish: 2 , Neutral: 16 , Bullish: 12 "
2023-03-26,"Bearish: 2, Neutral: 10, Bullish: 10"
2023-03-25,"Bearish: 2, Neutral: 16, Bullish: 12"
2023-03-18,"Bearish: 4, Neutral: 16, Bullish: 20"
2023-03-12,"Bearish: 2, Neutral: 16, Bullish: 11"
2023-03-11,"Bearish: 4 , Neutral: 10 , Bullish: 14 "
2023-03-05,"Bearish: 2, Neutral: 11, Bullish: 12"
2023-03-04,"Bearish: 2, Neutral: 19, Bullish: 14"
2023-02-26,"Bearish: 2 , Neutral: 19 , Bullish: 14 "
2023-02-25,"Bearish: 9 , Neutral: 12 , Bullish: 9 "
2023-02-19,"Bearish: 2, Neutral: 16, Bullish: 14"
2023-02-18,"Bearish: 2, Neutral: 14, Bullish: 10"
2023-02-12,"Bearish: 0, Neutral: 14, Bullish: 19"
2023-02-11,"Bearish: 2, Neutral: 14, Bullish: 9"
2023-02-06,"Bearish: 2, Neutral: 10, Bullish: 14"
2023-02-05,"Bearish: 3, Neutral: 19, Bullish: 9"
2023-02-04,"Bearish: 3 , Neutral: 14 , Bullish: 7 "
2023-01-29,"Bearish: 0, Neutral: 10, Bullish: 15"
2023-01-28,"Bearish: 2, Neutral: 16, Bullish: 14"
2023-01-26,"Bearish: 0, Neutral: 0, Bullish: 0"
2023-01-23,"Bearish: 2, Neutral: 14, Bullish: 16"
2023-01-22,"Bearish: 5 , Neutral: 14 , Bullish: 6 "
2023-01-21,"Bearish: 4 , Neutral: 19 , Bullish: 16 "
2023-01-19,"Bearish: 2, Neutral: 10, Bullish: 11"
2023-01-16,"Bearish: 1, 2, 3, 4, 6, 15, 16, 17, 18, 19, 20, 21, 22, 23, 24, 25, 26, 27, 28, 29, 30, 31, 32, 33, 34, 35, 36, 37, 38, 39, 40, 41, 42, 43, 44, 45, 46, 47, 48, 49, 50, 51, 52, 53, 54, 55, 56, 57, 58, 59, 60, 61, 62, 63, 64, 65, 66, 67, 68, 69, 70, 71, 72, 73, 74, 75, 76, 77, 78, 79, 80, 81, 82, 83, 84, 85, 86, 87, 88, 89, 90, 91, 92, 93, 94, 95, 96, 97, 98, 99, 100, 101, 102, 103, 104, 105, 106, 107, 108, 109, 110, 111, 112, 113, 114, 115, 116, 117, 118, 119, 120, 121, 122, 123, 124, 125, 126, 127, 128, 129, 130, 131, 132, 133, 134, 135, 136, 137, 138, 139, 140, 141, 142, 143, 144, 145, 146, 147, 148, 149, 150, 151, 152, 153, 154, 155, 156, 157, 158, 159, 160, 161, 162, 163, 164, 165, 166, 167, 168, 169, 170, 171, 172, 173, 174, 175, 176, 177, 178, 179, 180, 181, 182, 183, 184, 185, 186, 187, 188, 189, 190, 191, 192, 193, 194, 195, 196, 197, 198, 199, 200, 201, 202, 203, 204, 205, 206, 207, 208, 209, 210, 211, 212, 213, 214, 215, 216, 217, 218, 219, 220, 221, 222, 223, 224, 225, 226, 227, 228, 229, 230, 231, 232, 233, 234, 235, 236, 237, 238, 239, 240, 241, 242, 243, 244, 245, 246, 247, 248, 249, 250, 251, 252, 253, 254, 255, 256, 257, 258, 259, 260, 261, 262, 263, 264, 265, 266, 267, 268, 269, 270, 271, 272, 273, 274, 275, 276, 277, 278, 279, 280, 281, 282, 283, 284, 285, 286, 287, 288, 289, 290, 291, 292, 293, 294, 295, 296, 297, 298, 299, 300, 301, 302, 303, 304, 305, 306, 307, 308, 309, 310, 311, 312, 313, 314, 315, 316, 317, 318, 319, 320, 321, 322, 323, 324, 325, 326, 327, 328, 329, 330, 331, 332, 333, 334, 335, 336, 337, 338, 339, 340, 341, 342, 343, 344, 345, 346, 347, 348, 349, 350, 351, 352, 353, 354, 355, 356, 357, 358, 359, 360, 361, 362, 363, 364, 365, 366, 367, 368, 369, 370, 371, 372, 373, 374, 375, 376, 377, 378, 379, 380, 381, 382, 383, 384, 385, 386, 387, 388, 389, 390, 391, 392, 393, 394, 395, 396, 397, 398, 399, 400, 401, 402, 403, 404, 405, 406, 407, 408, 409, 410, 411, 412, 413, 414, 415, 416, 417, 418, 419, 420, 421, 422, 423, 424, 425, 426, 427, 428, 429, 430, 431, 432, 433, 434, 435, 436, 437, 438, 439, 440, 441, 442, 443, 444, 445, 446, 447, 448, 449, 450, 451, 452, 453, 454, 455, 456, 457, 458, 459, 460, 461, 462, 463, 464, 465, 466, 467, 468, 469, 470, 471, 472, 473"
2023-01-15,"Bearish: 5 , Neutral: 16 , Bullish: 10 "
2023-01-14,"Bearish: 4 , Neutral: 14 , Bullish: 16 "
2023-01-11,"Bearish: 1, Neutral: 14, Bullish: 15"
2023-01-10,"Bearish: 4 , Neutral: 14 , Bullish: 10 "
2023-01-09,"Bearish: 2, Neutral: 14, Bullish: 12"
2023-01-08,"Bearish: 2 , Neutral: 11 , Bullish: 10 "
2023-01-07,"Bearish: 5 , Neutral: 14 , Bullish: 10 "
2023-01-06,"Bearish: 1, Neutral: 9, Bullish: 10"
2023-01-05,"Bearish: 4 , Neutral: 19 , Bullish: 16 "
2023-01-04,"Bearish: 5, Neutral: 15, Bullish: 14"
2023-01-02,"Bearish: 2, Neutral: 16, Bullish: 10"
2023-01-01,"Bearish: 1, Neutral: 7, Bullish: 12"
2022-12-31,"Bearish: 2, Neutral: 10, Bullish: 11"
2022-12-30,"Bearish: 6 , Neutral: 14 , Bullish: 10 "
2022-12-29,"Bearish: 0, Neutral: 14, Bullish: 10"
2022-12-28,"Bearish: 3 , Neutral: 14 , Bullish: 12 "
2022-12-27,"Bearish: 4 , Neutral: 11 , Bullish: 9 "
2022-12-26,"Bearish: 4 , Neutral: 11 , Bullish: 8 "
2022-12-25,"Bearish: 2 , Neutral: 11 , Bullish: 7 "
2022-12-24,"Bearish: 3, Neutral: 9, Bullish: 10"
2022-12-23,"Bearish: 6, Neutral: 16, Bullish: 10"
2022-12-21,"Bearish: 7, Neutral: 14, Bullish: 9"
2022-12-20,"Bearish: 0, Neutral: 14, Bullish: 19"
2022-12-19,"Bearish: 4, Neutral: 14, Bullish: 10"
2022-12-18,"Bearish: 6, Neutral: 12, Bullish: 7"
2022-12-17,"Bearish: 2, Neutral: 14, Bullish: 7"
2022-12-11,"Bearish: 2, Neutral: 12, Bullish: 7"
2022-12-10,"Bearish: 4 , Neutral: 14 , Bullish: 6 "
2022-12-08,"Bearish: 2, Neutral: 14, Bullish: 11"
2022-12-04,"Bearish: 4 , Neutral: 16 , Bullish: 10 "
2022-12-03,"Bearish: 4, Neutral: 14, Bullish: 9"
2022-12-02,"Bearish: 2, Neutral: 14, Bullish: 9"
2022-12-01,"Bearish: 4 , Neutral: 19 , Bullish: 14 "
2022-11-29,"Bearish: 2, Neutral: 14, Bullish: 15"
2022-11-27,"Bearish: 2, Neutral: 14, Bullish: 7"
2022-11-26,"Bearish: 4 , Neutral: 19 , Bullish: 16 "
2022-11-25,"Bearish: 2, Neutral: 14, Bullish: 10"
2022-11-24,"Bearish: 6, Neutral: 14, Bullish: 10"
2022-11-20,"Bearish: 2, Neutral: 16, Bullish: 10"
2022-11-19,"Bearish: 6 , Neutral: 14 , Bullish: 9 "
2022-11-13,"Bearish: 4, Neutral: 14, Bullish: 10"
2022-11-12,"Bearish: 7 , Neutral: 14 , Bullish: 9 "
2022-11-06,"Bearish: 5 , Neutral: 16 , Bullish: 10 "
2022-11-05,"Bearish: 2, Neutral: 14, Bullish: 9"
2022-11-03,"Bearish: 2, Neutral: 14, Bullish: 11"
2022-10-30,"Bearish: 2, Neutral: 16, Bullish: 6"
2022-10-29,"Bearish: 1, Neutral: 7, Bullish: 17"
2022-10-26,"Bearish: 2, Neutral: 14, Bullish: 11"
2022-10-23,"Bearish: 0, Neutral: 10, Bullish: 13"
2022-10-22,"Bearish: 4, Neutral: 14, Bullish: 10"
2022-10-21,"Bearish: 4, Neutral: 16, Bullish: 9"
2022-10-20,"Bearish: 2, Neutral: 14, Bullish: 9"
2022-10-16,"Bearish: 2 , Neutral: 12 , Bullish: 10 "
2022-10-15,"Bearish: 3, Neutral: 14, Bullish: 9"
2022-10-14,"Bearish: 5 , Neutral: 14 , Bullish: 10 "
2022-10-09,"Bearish: 4 , Neutral: 14 , Bullish: 10 "
2022-10-08,"Bearish: 4 , Neutral: 14 , Bullish: 6 "
2022-10-07,"Bearish: 2, Neutral: 16, Bullish: 14"
2022-10-02,"Bearish: 3 , Neutral: 12 , Bullish: 7 "
2022-10-01,"Bearish: 4 , Neutral: 14 , Bullish: 7 "
2022-09-26,"Bearish: 4, Neutral: 14, Bullish: 9"
2022-09-25,"Bearish: 1 tweet, Neutral: 9 , Bullish: 10 "
2022-09-24,"Bearish: 4, Neutral: 16, Bullish: 10"
2022-09-23,"Bearish: 6, Neutral: 15, Bullish: 11"
2022-09-19,"Bearish: 7 , Neutral: 14 , Bullish: 9 "
2022-09-18,"Bearish: 2, Neutral: 11, Bullish: 7"
2022-09-17,"Bearish: 2, Neutral: 14, Bullish: 9"
2022-09-16,"Bearish: 2, Neutral: 15, Bullish: 13"
2022-09-15,"Bearish: 2, Neutral: 16, Bullish: 12"
2022-09-14,"Bearish: 5 , Neutral: 15 , Bullish: 10 "
2022-09-11,"Bearish: 2, Neutral: 14, Bullish: 7"
2022-09-10,"Bearish: 2, Neutral: 14, Bullish: 9"
2022-09-09,"Bearish: 2, Neutral: 14, Bullish: 10"
2022-09-08,"Bearish: 4, Neutral: 14, Bullish: 9"
2022-09-06,"Bearish: 6, Neutral: 12, Bullish: 10"
2022-09-05,"Bearish: 2, Neutral: 14, Bullish: 6"
2022-09-04,"Bearish: 2, Neutral: 14, Bullish: 7"
2022-09-03,"Bearish: 2 , Neutral: 14 , Bullish: 9 "
2022-09-02,"Bearish: 1, Neutral: 14, Bullish: 10"
2022-09-01,"Bearish: 2, Neutral: 14, Bullish: 10"
2022-08-30,"Bearish: 1, Neutral: 10, Bullish: 9"
2022-08-29,"Bearish: 4, Neutral: 14, Bullish: 10"
2022-08-28,"Bearish: 1 tweet, Neutral: 16 , Bullish: 10 "
2022-08-27,"Bearish: 4 , Neutral: 10 , Bullish: 9 "
2022-08-23,"Bearish: 2, Neutral: 14, Bullish: 9"
2022-08-22,"Bearish: 1, Neutral: 14, Bullish: 16"
2022-08-21,"Bearish: 4, Neutral: 14, Bullish: 6"
2022-08-20,"Bearish: 2, Neutral: 14, Bullish: 9"
2022-08-17,"Bearish: 7, Neutral: 14, Bullish: 10"
2022-08-14,"Bearish: 4, Neutral: 11, Bullish: 12"
2022-08-13,"Bearish: 2 , Neutral: 11 , Bullish: 10 "
2022-08-08,"Bearish: 2, Neutral: 14, Bullish: 12"
2022-08-07,"Bearish: 4, Neutral: 14, Bullish: 9"
2022-08-06,"Bearish: 4, Neutral: 16, Bullish: 10"
2022-08-04,"Bearish: 3, Neutral: 14, Bullish: 15"
2022-07-31,"Bearish: 2, Neutral: 14, Bullish: 16"
2022-07-30,"Bearish: 6, Neutral: 19, Bullish: 17"
2022-07-24,"Bearish: 7 , Neutral: 16 , Bullish: 17 "
2022-07-23,"Bearish: 4 , Neutral: 14 , Bullish: 9 "
2022-07-18,"Bearish: 2, Neutral: 14, Bullish: 12"
2022-07-17,"Bearish: 4 , Neutral: 15 , Bullish: 10 "
2022-07-16,"Bearish: 2, Neutral: 16, Bullish: 11"
2022-07-15,"Bearish: 2, Neutral: 14, Bullish: 9"
2022-07-14,"Bearish: 4, Neutral: 10, Bullish: 16"
2022-07-12,"Bearish: 6, Neutral: 14, Bullish: 16"
2022-07-10,"Bearish: 2, Neutral: 16, Bullish: 11"
2022-07-09,"Bearish: 5 , Neutral: 14 , Bullish: 11 "
2022-07-03,"Bearish: 4, Neutral: 19, Bullish: 10"
2022-07-02,"Bearish: 4, Neutral: 14, Bullish: 12"
2022-06-26,"Bearish: 4 , Neutral: 16 , Bullish: 10 "
2022-06-25,"Bearish: 2, Neutral: 14, Bullish: 11"
2022-06-12,"Bearish: 7, Neutral: 15, Bullish: 11"
2022-06-11,"Bearish: 4 , Neutral: 19 , Bullish: 16 "
2022-06-05,"Bearish: 4, Neutral: 16, Bullish: 14"
2022-06-04,"Bearish: 4 , Neutral: 14 , Bullish: 10 "
2022-05-29,"Bearish: 2 , Neutral: 14 , Bullish: 9 "
2022-05-28,"Bearish: 6, Neutral: 13, Bullish: 9"
2022-05-21,"Bearish: 2, Neutral: 16, Bullish: 10"
2022-05-15,"Bearish: 5 , Neutral: 19 , Bullish: 10 "
2022-05-14,"Bearish: 4, Neutral: 16, Bullish: 14"
2022-05-08,"Bearish: 2, Neutral: 10, Bullish: 10"
2022-05-07,"Bearish: 4, Neutral: 16, Bullish: 14"
2022-05-01,"Bearish: 2, Neutral: 14, Bullish: 10"
2022-04-30,"Bearish: 4, Neutral: 15, Bullish: 11"
2022-04-24,"Bearish: 2, Neutral: 16, Bullish: 10"
2022-04-23,"Bearish: 4, Neutral: 16, Bullish: 11"
2022-04-17,"Bearish: 3, Neutral: 15, Bullish: 9"
2022-04-16,"Bearish: 2, Neutral: 14, Bullish: 9"
2022-04-10,"Bearish: 2, Neutral: 19, Bullish: 16"
2022-04-09,"Bearish: 4, Neutral: 19, Bullish: 16"
2022-04-03,"Bearish: 1 tweet, Neutral: 10 , Bullish: 12 "
2022-04-02,"Bearish: 2, Neutral: 14, Bullish: 15"
2022-03-27,"Bearish: 4 , Neutral: 16 , Bullish: 16 "
2022-03-26,"Bearish: 2, Neutral: 16, Bullish: 14"
2022-03-20,"Bearish: 2 , Neutral: 10 , Bullish: 10 "
2022-03-19,"Bearish: 2, Neutral: 16, Bullish: 12"
2022-03-13,"Bearish: 3 , Neutral: 14 , Bullish: 9 "
2022-03-12,"Bearish: 6, Neutral: 16, Bullish: 11"
2022-03-06,"Bearish: 4, Neutral: 14, Bullish: 11"
2022-03-05,"Bearish: 3 , Neutral: 16 , Bullish: 11 "
2022-02-27,"Bearish: 2, Neutral: 16, Bullish: 14"
2022-02-26,"Bearish: 0, Neutral: 19, Bullish: 16"
2022-02-20,"Bearish: 2, Neutral: 14, Bullish: 9"
2022-02-19,"Bearish: 4, Neutral: 14, Bullish: 12"
2022-02-13,"Bearish: 3, Neutral: 14, Bullish: 14"
2022-02-12,"Bearish: 6, Neutral: 14, Bullish: 10"
2022-02-06,"Bearish: 2, Neutral: 16, Bullish: 16"
2022-02-05,"Bearish: 2, Neutral: 14, Bullish: 19"
2022-01-30,"Bearish: 4 , Neutral: 14 , Bullish: 11 "
2022-01-23,"Bearish: 9 , Neutral: 15 , Bullish: 11 "
2022-01-22,"Bearish: 0, Neutral: 16, Bullish: 19"
2022-01-16,"Bearish: 5, Neutral: 14, Bullish: 15"
2022-01-09,"Bearish: 3, Neutral: 14, Bullish: 10"
2022-01-08,"Bearish: 5, Neutral: 16, Bullish: 14"
2022-01-02,"Bearish: 2, Neutral: 14, Bullish: 15"
2022-01-01,"Bearish: 2, Neutral: 10, Bullish: 12"
2021-12-26,"Bearish: 2 , Neutral: 14 , Bullish: 9 "
2021-12-25,"Bearish: 2, Neutral: 14, Bullish: 9"
2021-12-20,"Bearish: 2, Neutral: 14, Bullish: 16"
2021-12-19,"Bearish: 7 , Neutral: 14 , Bullish: 19 "
2021-12-18,"Bearish: 4, Neutral: 14, Bullish: 11"
2021-12-12,"Bearish: 5 , Neutral: 15 , Bullish: 15 "
2021-12-11,"Bearish: 4 , Neutral: 14 , Bullish: 15 "
2021-11-28,"Bearish: 10 , Neutral: 10 , Bullish: 15 "
2021-11-27,"Bearish: 5 , Neutral: 15 , Bullish: 10 "
2021-11-20,"Bearish: 1, Neutral: 10, Bullish: 16"
2021-11-13,"Bearish: 6, Neutral: 14, Bullish: 10"
2021-11-07,"Bearish: 4 , Neutral: 14 , Bullish: 23 "
2021-11-06,"Bearish: 1 tweet, Neutral: 14 , Bullish: 15 "
2021-10-30,"Bearish: 4, Neutral: 16, Bullish: 16"
2021-10-24,"Bearish: 4, Neutral: 14, Bullish: 15"
2021-10-23,"Bearish: 2, Neutral: 16, Bullish: 14"
2021-10-17,"Bearish: 4, Neutral: 14, Bullish: 16"
2021-10-10,"Bearish: 0, Neutral: 10, Bullish: 15"
2021-10-03,"Bearish: 1, Neutral: 14, Bullish: 16"
2021-10-02,"Bearish: 3, Neutral: 16, Bullish: 11"
2021-09-26,"Bearish: 2, Neutral: 16, Bullish: 14"
2021-09-25,"Bearish: 2, Neutral: 14, Bullish: 12"
2021-09-19,"Bearish: 4 , Neutral: 16 , Bullish: 14 "
2021-09-18,"Bearish: 2, Neutral: 16, Bullish: 14"
2021-09-12,"Bearish: 2, Neutral: 16, Bullish: 11"
2021-09-11,"Bearish: 4 , Neutral: 16 , Bullish: 14 "
2021-09-05,"Bearish: 7, Neutral: 19, Bullish: 17"
2021-09-04,"Bearish: 2, Neutral: 16, Bullish: 14"
2021-08-29,"Bearish: 4 , Neutral: 12 , Bullish: 9 "
2021-08-22,"Bearish: 2 , Neutral: 14 , Bullish: 10 "
2021-08-21,"Bearish: 3 , Neutral: 10 , Bullish: 12 "
2021-08-15,"Bearish: 2, Neutral: 19, Bullish: 14"
2021-08-14,"Bearish: 0, Neutral: 16, Bullish: 19"
2021-08-08,"Bearish: 2, Neutral: 14, Bullish: 9"
2021-08-07,"Bearish: 4, Neutral: 14, Bullish: 12"
2021-07-31,"Bearish: 2, Neutral: 14, Bullish: 16"
2021-07-25,"Bearish: 2, Neutral: 16, Bullish: 14"
2021-07-24,"Bearish: 6, Neutral: 23, Bullish: 14"
2021-07-18,"Bearish: 2 , Neutral: 14 , Bullish: 10 "
2021-07-17,"Bearish: 2, Neutral: 14, Bullish: 11"
2021-07-11,"Bearish: 5 , Neutral: 16 , Bullish: 14 "
2021-07-10,"Bearish: 3 , Neutral: 14 , Bullish: 10 "
2021-07-05,"Bearish: 2, Neutral: 14, Bullish: 11"
2021-07-04,"Bearish: 4 , Neutral: 16 , Bullish: 16 "
2021-07-03,"Bearish: 3 , Neutral: 14 , Bullish: 11 "
2021-06-27,"Bearish: 4, Neutral: 16, Bullish: 14"
2021-06-13,"Bearish: 0, Neutral: 10, Bullish: 23"
2021-05-30,"Bearish: 5 , Neutral: 19 , Bullish: 16 "
2021-05-29,"Bearish: 5 , Neutral: 16 , Bullish: 14 "
2021-05-15,"Bearish: 6, Neutral: 14, Bullish: 10"
2021-05-09,"Bearish: 2, Neutral: 16, Bullish: 12"
2021-05-08,"Bearish: 3 , Neutral: 16 , Bullish: 11 "
2021-05-02,"Bearish: 5 , Neutral: 19 , Bullish: 16 "
2021-04-24,"Bearish: 2, Neutral: 14, Bullish: 12"
2021-04-17,"Bearish: 2, Neutral: 14, Bullish: 11"
2021-04-04,"Bearish: 1, Neutral: 19, Bullish: 16"
2021-03-28,"Bearish: 2, Neutral: 19, Bullish: 10"
2021-03-21,"Bearish: 4, Neutral: 14, Bullish: 16"
2021-03-20,"Bearish: 4, Neutral: 16, Bullish: 14"
2021-02-28,"Bearish: 4, Neutral: 15, Bullish: 16"
2021-01-24,"Bearish: 6, Neutral: 15, Bullish: 14"
2021-01-17,"Bearish: 4, Neutral: 10, Bullish: 16"
2020-12-13,"Bearish: 2, Neutral: 16, Bullish: 14"
2020-12-06,"Bearish: 4, Neutral: 14, Bullish: 12"
2020-12-05,"Bearish: 4, Neutral: 16, Bullish: 20"
2020-11-29,"Bearish: 2, Neutral: 14, Bullish: 9"
2020-11-28,"Bearish: 2, Neutral: 14, Bullish: 14"
2020-11-22,"Bearish: 2, Neutral: 16, Bullish: 9"
2020-11-21,"Bearish: 2, Neutral: 16, Bullish: 11"
2020-11-15,"Bearish: 2 , Neutral: 16 , Bullish: 14 "
2020-11-14,"Bearish: 2, Neutral: 14, Bullish: 9"
2020-11-08,"Bearish: 2, Neutral: 16, Bullish: 11"
2020-11-07,"Bearish: 1, Neutral: 14, Bullish: 10"
2020-11-01,"Bearish: 2 , Neutral: 14 , Bullish: 12 "
2020-10-26,"Bearish: 2, Neutral: 16, Bullish: 15"
2020-10-25,"Bearish: 2, Neutral: 14, Bullish: 9"
2020-10-24,"Bearish: 0, Neutral: 14, Bullish: 12"
2020-10-23,"Bearish: 4, Neutral: 14, Bullish: 15"
2020-10-19,"Bearish: 2, Neutral: 16, Bullish: 14"
2020-10-18,"Bearish: 4 , Neutral: 14 , Bullish: 7 "
2020-10-17,"Bearish: 1, Neutral: 14, Bullish: 9"
2020-10-12,"Bearish: 0, Neutral: 16, Bullish: 14"
2020-10-11,"Bearish: 2, Neutral: 16, Bullish: 7"
2020-10-10,"Bearish: 2 , Neutral: 19 , Bullish: 9 "
2020-10-06,"Bearish: 2 , Neutral: 19 , Bullish: 11 "
2020-10-05,"Bearish: 2, Neutral: 14, Bullish: 10"
2020-10-04,"Bearish: 2, Neutral: 16, Bullish: 4"
2020-10-03,"Bearish: 4 , Neutral: 15 , Bullish: 9 "
2020-10-01,"Bearish: 4 , Neutral: 16 , Bullish: 15 "
2020-09-30,"Bearish: 6, Neutral: 14, Bullish: 10"
2020-09-29,"Bearish: 0, Neutral: 10, Bullish: 10"
2020-09-28,"Bearish: 2, Neutral: 14, Bullish: 11"
2020-09-27,"Bearish: 1, Neutral: 14, Bullish: 9"
2020-09-26,"Bearish: 2, Neutral: 14, Bullish: 9"
2020-09-25,"Bearish: 2, Neutral: 19, Bullish: 9"
2020-09-22,"Bearish: 2, Neutral: 16, Bullish: 12"
2020-09-20,"Bearish: 2, Neutral: 16, Bullish: 9"
2020-09-19,"Bearish: 0, Neutral: 14, Bullish: 10"
2020-09-16,"Bearish: 2, Neutral: 14, Bullish: 10"
2020-09-15,"Bearish: 0, Neutral: 23, Bullish: 14"
2020-09-14,"Bearish: 0, Neutral: 16, Bullish: 14"
2020-09-13,"Bearish: 1 tweet, Neutral: 12 , Bullish: 7 "
2020-09-12,"Bearish: 4 , Neutral: 15 , Bullish: 11 "
2020-09-11,"Bearish: 1, Neutral: 16, Bullish: 10"
2020-09-09,"Bearish: 4, Neutral: 16, Bullish: 14"
2020-09-08,"Bearish: 4, Neutral: 14, Bullish: 11"
2020-09-07,"Bearish: 2, Neutral: 14, Bullish: 11"
2020-09-06,"Bearish: 2, Neutral: 12, Bullish: 7"
2020-09-05,"Bearish: 4 , Neutral: 16 , Bullish: 10 "
2020-09-04,"Bearish: 2, Neutral: 19, Bullish: 9"
2020-09-02,"Bearish: 4 , Neutral: 19 , Bullish: 11 "
2020-09-01,"Bearish: 2, Neutral: 14, Bullish: 14"
2020-08-30,"Bearish: 1, Neutral: 12, Bullish: 5"
2020-08-29,"Bearish: 1 tweet, Neutral: 16 , Bullish: 10 "
2020-08-28,"Bearish: 0, Neutral: 16, Bullish: 14"
2020-08-26,"Bearish: 0, Neutral: 14, Bullish: 16"
2020-08-25,"Bearish: 2, Neutral: 14, Bullish: 9"
2020-08-23,"Bearish: 1, Neutral: 16, Bullish: 6"
2020-08-22,"Bearish: 5 , Neutral: 19 , Bullish: 11 "
2020-08-21,"Bearish: 4, Neutral: 14, Bullish: 9"
2020-08-20,"Bearish: 4 , Neutral: 14 , Bullish: 10 "
2020-08-19,"Bearish: 2, Neutral: 14, Bullish: 9"
2020-08-18,"Bearish: 2, Neutral: 16, Bullish: 10"
2020-08-17,"Bearish: 2, Neutral: 19, Bullish: 14"
2020-08-16,"Bearish: 2, Neutral: 11, Bullish: 9"
2020-08-13,"Bearish: 0, Neutral: 14, Bullish: 10"
2020-08-12,"Bearish: 2, Neutral: 14, Bullish: 15"
2020-08-10,"Bearish: 4 , Neutral: 16 , Bullish: 20 "
2020-08-09,"Bearish: 1 tweet, Neutral: 14 , Bullish: 10 "
2020-08-08,"Bearish: 1, Neutral: 14, Bullish: 7"
2020-08-04,"Bearish: 2, Neutral: 19, Bullish: 14"
2020-08-03,"Bearish: 2, Neutral: 19, Bullish: 12"
2020-08-02,"Bearish: 2 , Neutral: 14 , Bullish: 9 "
2020-08-01,"Bearish: 0, Neutral: 10, Bullish: 20"
2020-07-26,"Bearish: 3, Neutral: 10, Bullish: 7"
2020-07-25,"Bearish: 2, Neutral: 10, Bullish: 10"
2020-07-24,"Bearish: 2, Neutral: 15, Bullish: 13"
2020-07-22,"Bearish: 2, Neutral: 14, Bullish: 10"
2020-07-21,"Bearish: 2, Neutral: 19, Bullish: 7"
2020-07-20,"Bearish: 2, Neutral: 14, Bullish: 9"
2020-07-19,"Bearish: 1 tweet, Neutral: 9 , Bullish: 5 "
2020-07-18,"Bearish: 2, Neutral: 14, Bullish: 9"
2020-07-17,"Bearish: 3, Neutral: 14, Bullish: 8"
2020-07-16,"Bearish: 6, Neutral: 23, Bullish: 13"
2020-07-15,"Bearish: 4 , Neutral: 19 , Bullish: 14 "
2020-07-14,"Bearish: 1, Neutral: 16, Bullish: 14"
2020-07-13,"Bearish: 0, Neutral: 14, Bullish: 16"
2020-07-12,"Bearish: 3, Neutral: 11, Bullish: 6"
2020-07-11,"Bearish: 1 tweet, Neutral: 11 , Bullish: 5 "
2020-07-10,"Bearish: 2, Neutral: 14, Bullish: 9"
2020-07-09,"Bearish: 2, Neutral: 16, Bullish: 9"
2020-07-08,"Bearish: 3 , Neutral: 16 , Bullish: 11 "
2020-07-07,"Bearish: 4 , Neutral: 16 , Bullish: 14 "
2020-07-06,"Bearish: 1 tweet, Neutral: 23 , Bullish: 10 "
2020-07-05,"Bearish: 1 tweet, Neutral: 11 , Bullish: 7 "
2020-07-04,"Bearish: 0, Neutral: 0, Bullish: 0"
2020-07-03,"Bearish: 2, Neutral: 26, Bullish: 10"
2020-07-02,"Bearish: 2, Neutral: 16, Bullish: 14"
2020-07-01,"Bearish: 2, Neutral: 16, Bullish: 7"
2020-06-30,"Bearish: 4, Neutral: 14, Bullish: 12"
2020-06-29,"Bearish: 4 , Neutral: 16 , Bullish: 14 "
2020-06-28,"Bearish: 2, Neutral: 11, Bullish: 7"
2020-06-27,"Bearish: 3 , Neutral: 14 , Bullish: 9 "
2020-06-26,"Bearish: 2, Neutral: 16, Bullish: 10"
2020-06-25,"Bearish: 2, Neutral: 14, Bullish: 9"
2020-06-24,"Bearish: 6, Neutral: 16, Bullish: 10"
2020-06-23,"Bearish: 1, Neutral: 14, Bullish: 16"
2020-06-22,"Bearish: 2, Neutral: 14, Bullish: 10"
2020-06-21,"Bearish: 4 , Neutral: 14 , Bullish: 9 "
2020-06-20,"Bearish: 2, Neutral: 14, Bullish: 7"
2020-06-19,"Bearish: 0, Neutral: 23, Bullish: 14"
2020-06-18,"Bearish: 2, Neutral: 19, Bullish: 11"
2020-06-17,"Bearish: 2, Neutral: 16, Bullish: 10"
2020-06-16,"Bearish: 4, Neutral: 19, Bullish: 16"
2020-06-15,"Bearish: 5, Neutral: 16, Bullish: 11"
2020-06-14,"Bearish: 3, Neutral: 11, Bullish: 7"
2020-06-13,"Bearish: 2, Neutral: 19, Bullish: 6"
2020-06-12,"Bearish: 5, Neutral: 14, Bullish: 11"
2020-06-08,"Bearish: 3 , Neutral: 14 , Bullish: 9 "
2020-06-07,"Bearish: 2, Neutral: 11, Bullish: 7"
2020-06-06,"Bearish: 4, Neutral: 14, Bullish: 9"
2020-06-05,"Bearish: 0, Neutral: 14, Bullish: 19"
2020-06-03,"Bearish: 3, Neutral: 14, Bullish: 10"
2020-05-31,"Bearish: 4 , Neutral: 14 , Bullish: 10 "
2020-05-30,"Bearish: 4, Neutral: 14, Bullish: 10"
2020-05-29,"Bearish: 0, Neutral: 23, Bullish: 10"
2020-05-27,"Bearish: 2, Neutral: 14, Bullish: 10"
2020-05-26,"Bearish: 2, Neutral: 16, Bullish: 12"
2020-05-25,"Bearish: 7 , Neutral: 16 , Bullish: 10 "
2020-05-24,"Bearish: 4, Neutral: 16, Bullish: 12"
2020-05-23,"Bearish: 4 , Neutral: 19 , Bullish: 11 "
2020-05-21,"Bearish: 0, Neutral: 14, Bullish: 9"
2020-05-17,"Bearish: 3 , Neutral: 14 , Bullish: 10 "
2020-05-16,"Bearish: 2, Neutral: 14, Bullish: 9"
2020-05-14,"Bearish: 4, Neutral: 16, Bullish: 20"
2020-05-03,"Bearish: 2 , Neutral: 14 , Bullish: 9 "
2020-05-02,"Bearish: 2, Neutral: 14, Bullish: 9"
2020-04-27,"Bearish: 2, Neutral: 10, Bullish: 13"
2020-04-26,"Bearish: 2, Neutral: 23, Bullish: 10"
2020-04-25,"Bearish: 5 , Neutral: 19 , Bullish: 16 "
2020-04-24,"Bearish: 0, Neutral: 10, Bullish: 13"
2020-04-21,"Bearish: 4, Neutral: 14, Bullish: 10"
2020-04-19,"Bearish: 3, Neutral: 11, Bullish: 6"
2020-04-18,"Bearish: 4, Neutral: 19, Bullish: 10"
2020-04-15,"Bearish: 2, Neutral: 14, Bullish: 12"
2020-04-14,"Bearish: 4 , Neutral: 19 , Bullish: 14 "
2020-04-13,"Bearish: 7, Neutral: 16, Bullish: 17"
2020-04-12,"Bearish: 4, Neutral: 16, Bullish: 10"
2020-04-11,"Bearish: 2 , Neutral: 11 , Bullish: 6 "
2020-04-10,"Bearish: 3, Neutral: 14, Bullish: 10"
2020-04-06,"Bearish: 2, Neutral: 14, Bullish: 12"
2020-04-05,"Bearish: 1, Neutral: 14, Bullish: 6"
2020-04-04,"Bearish: 2, Neutral: 16, Bullish: 6"
2020-04-02,"Bearish: 1, Neutral: 9, Bullish: 10"
2020-04-01,"Bearish: 3, Neutral: 14, Bullish: 10"
2020-03-31,"Bearish: 2, Neutral: 14, Bullish: 7"
2020-03-30,"Bearish: 4 , Neutral: 14 , Bullish: 9 "
2020-03-29,"Bearish: 2 , Neutral: 12 , Bullish: 4 "
2020-03-28,"Bearish: 3 , Neutral: 9 , Bullish: 8 "
2020-03-27,"Bearish: 2, Neutral: 10, Bullish: 8"
2020-03-26,"Bearish: 6, Neutral: 14, Bullish: 10"
2020-03-25,"Bearish: 3, Neutral: 10, Bullish: 7"
2020-03-24,"Bearish: 2, Neutral: 14, Bullish: 10"
2020-03-23,"Bearish: 2, Neutral: 10, Bullish: 10"
2020-03-22,"Bearish: 2 , Neutral: 11 , Bullish: 7 "
2020-03-21,"Bearish: 4 , Neutral: 14 , Bullish: 7 "
2020-03-18,"Bearish: 1, Neutral: 10, Bullish: 9"
2020-03-17,"Bearish: 2, Neutral: 10, Bullish: 9"
2020-03-16,"Bearish: 7 , Neutral: 14 , Bullish: 9 "
2020-03-15,"Bearish: 4 , Neutral: 12 , Bullish: 7 "
2020-03-14,"Bearish: 2, Neutral: 14, Bullish: 8"
2020-03-11,"Bearish: 5, Neutral: 15, Bullish: 10"
2020-03-10,"Bearish: 5, Neutral: 15, Bullish: 10"
2020-03-08,"Bearish: 4, Neutral: 14, Bullish: 9"
2020-03-07,"Bearish: 5 , Neutral: 14 , Bullish: 6 "
2020-03-06,"Bearish: 1, Neutral: 14, Bullish: 10"
2020-03-02,"Bearish: 1, Neutral: 10, Bullish: 9"
2020-03-01,"Bearish: 2 , Neutral: 14 , Bullish: 5 "
2020-02-29,"Bearish: 5 , Neutral: 16 , Bullish: 9 "
2020-02-28,"Bearish: 1, Neutral: 10, Bullish: 9"
2020-02-27,"Bearish: 4, Neutral: 14, Bullish: 10"
2020-02-26,"Bearish: 4, Neutral: 14, Bullish: 12"
2020-02-25,"Bearish: 4, Neutral: 14, Bullish: 10"
2020-02-23,"Bearish: 0, Neutral: 14, Bullish: 10"
2020-02-22,"Bearish: 2, Neutral: 16, Bullish: 7"
2020-02-21,"Bearish: 0, Neutral: 14, Bullish: 9"
2020-02-20,"Bearish: 2, Neutral: 15, Bullish: 10"
2020-02-17,"Bearish: 2, Neutral: 19, Bullish: 4"
2020-02-16,"Bearish: 1, Neutral: 16, Bullish: 6"
2020-02-15,"Bearish: 4, Neutral: 14, Bullish: 9"
2020-02-14,"Bearish: 2, Neutral: 16, Bullish: 14"
2020-02-13,"Bearish: 1, Neutral: 16, Bullish: 12"
2020-02-11,"Bearish: 0, Neutral: 16, Bullish: 19"
2020-02-09,"Bearish: 2 , Neutral: 14 , Bullish: 11 "
2020-02-08,"Bearish: 0, Neutral: 14, Bullish: 10"
2020-02-07,"Bearish: 0, Neutral: 10, Bullish: 16"
2020-02-06,"Bearish: 0, Neutral: 10, Bullish: 15"
2020-02-05,"Bearish: 0, Neutral: 14, Bullish: 19"
2020-02-04,"Bearish: 3, Neutral: 14, Bullish: 14"
2020-02-03,"Bearish: 0, Neutral: 14, Bullish: 19"
2020-02-02,"Bearish: 4, Neutral: 19, Bullish: 16"
2020-02-01,"Bearish: 2, Neutral: 14, Bullish: 5"
2020-01-31,"Bearish: 2, Neutral: 16, Bullish: 9"
2020-01-30,"Bearish: 2, Neutral: 19, Bullish: 9"
2020-01-29,"Bearish: 4 , Neutral: 14 , Bullish: 10 "
2020-01-28,"Bearish: 0, Neutral: 10, Bullish: 14"
2020-01-27,"Bearish: 1, Neutral: 14, Bullish: 12"
2020-01-26,"Bearish: 1 tweet, Neutral: 11 , Bullish: 5 "
2020-01-25,"Bearish: 0, Neutral: 7, Bullish: 9"
2020-01-24,"Bearish: 2, Neutral: 14, Bullish: 7"
2020-01-23,"Bearish: 2, Neutral: 15, Bullish: 10"
2020-01-22,"Bearish: 1, Neutral: 14, Bullish: 10"
2020-01-21,"Bearish: 1, Neutral: 14, Bullish: 11"
2020-01-20,"Bearish: 2, Neutral: 14, Bullish: 9"
2020-01-19,"Bearish: 2, Neutral: 9, Bullish: 5"
2020-01-18,"Bearish: 0, Neutral: 7, Bullish: 8"
2020-01-17,"Bearish: 0, Neutral: 14, Bullish: 10"
2020-01-16,"Bearish: 2, Neutral: 14, Bullish: 9"
2020-01-15,"Bearish: 0, Neutral: 10, Bullish: 10"
2020-01-14,"Bearish: 0, Neutral: 10, Bullish: 10"
2020-01-13,"Bearish: 1, Neutral: 14, Bullish: 9"
2020-01-12,"Bearish: 1 tweet, Neutral: 5 , Bullish: 4 "
2020-01-11,"Bearish: 2, Neutral: 11, Bullish: 6"
2020-01-10,"Bearish: 2, Neutral: 19, Bullish: 9"
2020-01-09,"Bearish: 4 , Neutral: 16 , Bullish: 9 "
2020-01-08,"Bearish: 2, Neutral: 16, Bullish: 10"
2020-01-07,"Bearish: 2, Neutral: 14, Bullish: 9"
2020-01-06,"Bearish: 1 tweet, Neutral: 14 , Bullish: 10 "
2020-01-05,"Bearish: 1 tweet, Neutral: 9 , Bullish: 6 "
2020-01-04,"Bearish: 4, Neutral: 14, Bullish: 7"
2020-01-03,"Bearish: 2, Neutral: 19, Bullish: 7"
2020-01-02,"Bearish: 2, Neutral: 14, Bullish: 4"
2020-01-01,"Bearish: 0, Neutral: 10, Bullish: 13"
2019-12-31,"Bearish: 1, Neutral: 9, Bullish: 10"
2019-12-30,"Bearish: 1, Neutral: 9, Bullish: 10"
2019-12-29,"Bearish: 2 , Neutral: 5 , Bullish: 3 "
2019-12-28,"Bearish: 1, Neutral: 7, Bullish: 5"
2019-12-27,"Bearish: 1 tweet, Neutral: 16 , Bullish: 6 "
2019-12-26,"Bearish: 4 , Neutral: 11 , Bullish: 6 "
2019-12-25,"Bearish: 0, Neutral: 16, Bullish: 9"
2019-12-24,"Bearish: 0, Neutral: 10, Bullish: 3"
2019-12-23,"Bearish: 2 , Neutral: 16 , Bullish: 9 "
2019-12-22,"Bearish: 2, Neutral: 9, Bullish: 5"
2019-12-21,"Bearish: 2 , Neutral: 9 , Bullish: 5 "
2019-12-20,"Bearish: 4, Neutral: 19, Bullish: 9"
2019-12-19,"Bearish: 1, Neutral: 14, Bullish: 10"
2019-12-18,"Bearish: 2, Neutral: 14, Bullish: 9"
2019-12-17,"Bearish: 5 , Neutral: 14 , Bullish: 9 "
2019-12-16,"Bearish: 4 , Neutral: 14 , Bullish: 6 "
2019-12-15,"Bearish: 2 , Neutral: 7 , Bullish: 3 "
2019-12-14,"Bearish: 3 , Neutral: 11 , Bullish: 6 "
2019-12-13,"Bearish: 1, Neutral: 16, Bullish: 9"
2019-12-12,"Bearish: 2, Neutral: 10, Bullish: 8"
2019-12-11,"Bearish: 2, Neutral: 16, Bullish: 9"
2019-12-10,"Bearish: 2, Neutral: 10, Bullish: 9"
2019-12-09,"Bearish: 2, Neutral: 11, Bullish: 7"
2019-12-08,"Bearish: 2 , Neutral: 9 , Bullish: 5 "
2019-12-07,"Bearish: 1 tweet, Neutral: 10 , Bullish: 9 "
2019-12-06,"Bearish: 1 tweet, Neutral: 10 , Bullish: 15 "
2019-12-05,"Bearish: 2, Neutral: 19, Bullish: 11"
2019-12-04,"Bearish: 2, Neutral: 16, Bullish: 7"
2019-12-03,"Bearish: 2, Neutral: 14, Bullish: 7"
2019-12-02,"Bearish: 2, Neutral: 14, Bullish: 6"
2019-12-01,"Bearish: 2 , Neutral: 7 , Bullish: 4 "
2019-11-30,"Bearish: 1 tweet, Neutral: 9 , Bullish: 6 "
2019-11-29,"Bearish: 1, Neutral: 10, Bullish: 9"
2019-11-28,"Bearish: 2 , Neutral: 12 , Bullish: 6 "
2019-11-27,"Bearish: 1, Neutral: 14, Bullish: 9"
2019-11-26,"Bearish: 2, Neutral: 15, Bullish: 8"
2019-11-25,"Bearish: 5 , Neutral: 16 , Bullish: 6 "
2019-11-24,"Bearish: 4, Neutral: 9, Bullish: 4"
2019-11-23,"Bearish: 3 , Neutral: 6 , Bullish: 4 "
2019-11-22,"Bearish: 2, Neutral: 15, Bullish: 6"
2019-11-21,"Bearish: 2, Neutral: 14, Bullish: 9"
2019-11-20,"Bearish: 2, Neutral: 16, Bullish: 7"
2019-11-19,"Bearish: 0, Neutral: 10, Bullish: 13"
2019-11-18,"Bearish: 1, Neutral: 10, Bullish: 9"
2019-11-17,"Bearish: 2 , Neutral: 5 , Bullish: 3 "
2019-11-16,"Bearish: 2, Neutral: 11, Bullish: 4"
2019-11-15,"Bearish: 2 , Neutral: 16 , Bullish: 9 "
2019-11-14,"Bearish: 2, Neutral: 14, Bullish: 10"
2019-11-13,"Bearish: 0, Neutral: 14, Bullish: 10"
2019-11-12,"Bearish: 3 , Neutral: 19 , Bullish: 7 "
2019-11-11,"Bearish: 2, Neutral: 11, Bullish: 7"
2019-11-10,"Bearish: 1, Neutral: 7, Bullish: 7"
2019-11-09,"Bearish: 2, Neutral: 11, Bullish: 5"
2019-11-08,"Bearish: 1, Neutral: 16, Bullish: 7"
2019-11-07,"Bearish: 1, Neutral: 14, Bullish: 10"
2019-11-06,"Bearish: 2, Neutral: 26, Bullish: 4"
2019-11-05,"Bearish: 2, Neutral: 11, Bullish: 12"
2019-11-04,"Bearish: 2 , Neutral: 14 , Bullish: 9 "
2019-11-03,"Bearish: 2 , Neutral: 9 , Bullish: 4 "
2019-11-02,"Bearish: 0, Neutral: 12, Bullish: 8"
2019-11-01,"Bearish: 1 tweet, Neutral: 16 , Bullish: 10 "
2019-10-31,"Bearish: 0, Neutral: 14, Bullish: 10"
2019-10-30,"Bearish: 2, Neutral: 16, Bullish: 9"
2019-10-29,"Bearish: 1, Neutral: 7, Bullish: 3"
2019-10-28,"Bearish: 1, Neutral: 16, Bullish: 7"
2019-10-27,"Bearish: 3 , Neutral: 9 , Bullish: 3 "
2019-10-26,"Bearish: 1, Neutral: 10, Bullish: 14"
2019-10-25,"Bearish: 2, Neutral: 19, Bullish: 9"
2019-10-24,"Bearish: 4, Neutral: 16, Bullish: 10"
2019-10-23,"Bearish: 2, Neutral: 14, Bullish: 9"
2019-10-22,"Bearish: 5 , Neutral: 15 , Bullish: 5 "
2019-10-21,"Bearish: 1 tweet, Neutral: 14 , Bullish: 6 "
2019-10-20,"Bearish: 1 tweet, Neutral: 6 , Bullish: 5 "
2019-10-19,"Bearish: 3 , Neutral: 10 , Bullish: 7 "
2019-10-18,"Bearish: 1, 4, 21, 23, 24, 27, 28, 29, 30, 31, 32, 33, 34, 35, 36, 37, 38, 39, 40, 41, 42, 43, 44, 45, 46, 47, 48, 49, 50, , Neutral: 2, 3, 5, 6, 7, 8, 9, 10, 11, 12, 13, 14, 15, 16, 17, 18, 19, 20, 22, 25, 26"
2019-10-17,"Bearish: 0, Neutral: 10, Bullish: 10"
2019-10-16,"Bearish: 4, Neutral: 14, Bullish: 7"
2019-10-15,"Bearish: 2, Neutral: 16, Bullish: 10"
2019-10-14,"Bearish: 0, Neutral: 10, Bullish: 10"
2019-10-13,"Bearish: 2, Neutral: 11, Bullish: 7"
2019-10-12,"Bearish: 2, Neutral: 12, Bullish: 6"
2019-10-11,"Bearish: 2, Neutral: 16, Bullish: 10"
2019-10-10,"Bearish: 2, Neutral: 16, Bullish: 9"
2019-10-09,"Bearish: 1 tweet, Neutral: 19 , Bullish: 15 "
2019-10-08,"Bearish: 1 tweet, Neutral: 14 , Bullish: 10 "
2019-10-07,"Bearish: 2, Neutral: 16, Bullish: 7"
2019-10-06,"Bearish: 1 tweet, Neutral: 10 , Bullish: 5 "
2019-10-05,"Bearish: 1 tweet, Neutral: 9 , Bullish: 5 "
2019-10-04,"Bearish: 2, Neutral: 16, Bullish: 6"
2019-10-03,"Bearish: 4, Neutral: 16, Bullish: 10"
2019-10-02,"Bearish: 4 , Neutral: 16 , Bullish: 6 "
2019-10-01,"Bearish: 1, Neutral: 10, Bullish: 9"
2019-09-30,"Bearish: 2, Neutral: 15, Bullish: 7"
2019-09-29,"Bearish: 1, Neutral: 9, Bullish: 6"
2019-09-28,"Bearish: 2 , Neutral: 9 , Bullish: 7 "
2019-09-27,"Bearish: 1, Neutral: 14, Bullish: 9"
2019-09-26,"Bearish: 2, Neutral: 19, Bullish: 9"
2019-09-25,"Bearish: 3 , Neutral: 14 , Bullish: 7 "
2019-09-24,"Bearish: 2, Neutral: 16, Bullish: 5"
2019-09-23,"Bearish: 4, Neutral: 15, Bullish: 11"
2019-09-22,"Bearish: 1 tweet, Neutral: 9 , Bullish: 10 "
2019-09-21,"Bearish: 0, Neutral: 14, Bullish: 9"
2019-09-20,"Bearish: 1, Neutral: 14, Bullish: 10"
2019-09-19,"Bearish: 4 , Neutral: 16 , Bullish: 10 "
2019-09-18,"Bearish: 2, Neutral: 16, Bullish: 9"
2019-09-17,"Bearish: 0, Neutral: 10, Bullish: 10"
2019-09-16,"Bearish: 0, Neutral: 14, Bullish: 10"
2019-09-15,"Bearish: 1 tweet, Neutral: 11 , Bullish: 4 "
2019-09-14,"Bearish: 2 , Neutral: 11 , Bullish: 7 "
2019-09-13,"Bearish: 1, Neutral: 14, Bullish: 10"
2019-09-12,"Bearish: 0, Neutral: 10, Bullish: 14"
2019-09-11,"Bearish: 2, Neutral: 14, Bullish: 9"
2019-09-10,"Bearish: 2, Neutral: 14, Bullish: 9"
2019-09-09,"Bearish: 2, Neutral: 16, Bullish: 10"
2019-09-08,"Bearish: 2 , Neutral: 7 , Bullish: 3 "
2019-09-07,"Bearish: 1, Neutral: 12, Bullish: 7"
2019-09-06,"Bearish: 2, Neutral: 19, Bullish: 11"
2019-09-05,"Bearish: 1 tweet, Neutral: 16 , Bullish: 10 "
2019-09-04,"Bearish: 0, Neutral: 23, Bullish: 10"
2019-09-03,"Bearish: 2, Neutral: 19, Bullish: 11"
2019-09-02,"Bearish: 1, Neutral: 14, Bullish: 10"
2019-09-01,"Bearish: 1 tweet, Neutral: 9 , Bullish: 5 "
2019-08-31,"Bearish: 1 tweet, Neutral: 9 , Bullish: 5 "
2019-08-30,"Bearish: 2, Neutral: 16, Bullish: 9"
2019-08-29,"Bearish: 2, Neutral: 14, Bullish: 9"
2019-08-28,"Bearish: 3 , Neutral: 16 , Bullish: 11 "
2019-08-27,"Bearish: 4, Neutral: 14, Bullish: 6"
2019-08-26,"Bearish: 3, Neutral: 14, Bullish: 9"
2019-08-25,"Bearish: 4 , Neutral: 14 , Bullish: 6 "
2019-08-24,"Bearish: 4 , Neutral: 7 , Bullish: 4 "
2019-08-23,"Bearish: 3 , Neutral: 16 , Bullish: 9 "
2019-08-22,"Bearish: 2, Neutral: 14, Bullish: 9"
2019-08-20,"Bearish: 10 , Neutral: 19 , Bullish: 14 "
2019-08-19,"Bearish: 3, Neutral: 14, Bullish: 9"
2019-08-18,"Bearish: 2 , Neutral: 5 , Bullish: 2 "
2019-08-17,"Bearish: 3 , Neutral: 9 , Bullish: 4 "
2019-08-16,"Bearish: 2, Neutral: 14, Bullish: 9"
2019-08-15,"Bearish: 4, Neutral: 14, Bullish: 6"
2019-08-14,"Bearish: 2, Neutral: 14, Bullish: 7"
2019-08-13,"Bearish: 2, Neutral: 15, Bullish: 13"
2019-08-12,"Bearish: 3 , Neutral: 14 , Bullish: 7 "
2019-08-11,"Bearish: 2 , Neutral: 9 , Bullish: 3 "
2019-08-10,"Bearish: 1 tweet, Neutral: 11 , Bullish: 6 "
2019-08-09,"Bearish: 5, Neutral: 14, Bullish: 7"
2019-08-08,"Bearish: 2, Neutral: 14, Bullish: 9"
2019-08-07,"Bearish: 2, Neutral: 14, Bullish: 10"
2019-08-06,"Bearish: 2, Neutral: 10, Bullish: 11"
2019-08-05,"Bearish: 0, Neutral: 10, Bullish: 23"
2019-08-04,"Bearish: 0, Neutral: 5, Bullish: 8"
2019-08-03,"Bearish: 1, Neutral: 12, Bullish: 7"
2019-08-02,"Bearish: 2 , Neutral: 16 , Bullish: 11 "
2019-08-01,"Bearish: 2, Neutral: 14, Bullish: 9"
2019-07-31,"Bearish: 1 tweet, Neutral: 10 , Bullish: 14 "
2019-07-30,"Bearish: 2, Neutral: 19, Bullish: 12"
2019-07-28,"Bearish: 0, Neutral: 5, Bullish: 5"
2019-07-27,"Bearish: 1 tweet, Neutral: 9 , Bullish: 4 "
2019-07-26,"Bearish: 2, Neutral: 14, Bullish: 6"
2019-07-25,"Bearish: 3 , Neutral: 14 , Bullish: 6 "
2019-07-24,"Bearish: 2, Neutral: 16, Bullish: 9"
2019-07-23,"Bearish: 2 , Neutral: 14 , Bullish: 8 "
2019-07-22,"Bearish: 2, Neutral: 14, Bullish: 9"
2019-07-21,"Bearish: 1 tweet, Neutral: 9 , Bullish: 5 "
2019-07-20,"Bearish: 1 tweet, Neutral: 10 , Bullish: 6 "
2019-07-19,"Bearish: 4, Neutral: 14, Bullish: 6"
2019-07-18,"Bearish: 3, Neutral: 16, Bullish: 9"
2019-07-17,"Bearish: 4, Neutral: 14, Bullish: 9"
2019-07-16,"Bearish: 6, Neutral: 19, Bullish: 7"
2019-07-15,"Bearish: 5, Neutral: 19, Bullish: 9"
2019-07-14,"Bearish: 2 , Neutral: 7 , Bullish: 4 "
2019-07-13,"Bearish: 2, Neutral: 16, Bullish: 7"
2019-07-12,"Bearish: 7, Neutral: 14, Bullish: 9"
2019-07-11,"Bearish: 7 , Neutral: 14 , Bullish: 9 "
2019-07-10,"Bearish: 2, Neutral: 14, Bullish: 9"
2019-07-09,"Bearish: 2, Neutral: 14, Bullish: 8"
2019-07-08,"Bearish: 0, Neutral: 16, Bullish: 10"
2019-07-07,"Bearish: 1, Neutral: 9, Bullish: 5"
2019-07-06,"Bearish: 2 , Neutral: 7 , Bullish: 3 "
2019-07-05,"Bearish: 3 , Neutral: 11 , Bullish: 6 "
2019-07-04,"Bearish: 0, Neutral: 4, Bullish: 3"
2019-07-03,"Bearish: 1, Neutral: 14, Bullish: 11"
2019-07-02,"Bearish: 2, Neutral: 10, Bullish: 9"
2019-06-30,"Bearish: 2 , Neutral: 14 , Bullish: 4 "
2019-06-29,"Bearish: 0, Neutral: 10, Bullish: 13"
2019-06-28,"Bearish: 4 , Neutral: 14 , Bullish: 9 "
2019-06-27,"Bearish: 4 , Neutral: 14 , Bullish: 10 "
2019-06-25,"Bearish: 2, Neutral: 16, Bullish: 10"
2019-06-24,"Bearish: 2, Neutral: 10, Bullish: 9"
2019-06-23,"Bearish: 1, Neutral: 14, Bullish: 10"
2019-06-22,"Bearish: 2, Neutral: 14, Bullish: 9"
2019-06-21,"Bearish: 2, Neutral: 14, Bullish: 9"
2019-06-20,"Bearish: 2, Neutral: 16, Bullish: 10"
2019-06-19,"Bearish: 2, Neutral: 14, Bullish: 7"
2019-06-17,"Bearish: 1, Neutral: 10, Bullish: 10"
2019-06-16,"Bearish: 1 tweet, Neutral: 9 , Bullish: 7 "
2019-06-15,"Bearish: 1, 2, 3, Neutral: 4, 5, 6, 7, 8, 9, 10, 11, 12, 13, 14, 15, 16, 17, 18, 19, 20, 21, 22, 23, 24, 25, 26, 27, 28, 29, 30, 31, 32, 33, 34, 35, 36, 37, 38, 39, 40, Bullish: 41, 42, 43, 44, 45"
2019-06-14,"Bearish: 3, Neutral: 14, Bullish: 9"
2019-06-13,"Bearish: 0, Neutral: 14, Bullish: 10"
2019-06-12,"Bearish: 1, Neutral: 14, Bullish: 10"
2019-06-11,"Bearish: 1, Neutral: 10, Bullish: 9"
2019-06-10,"Bearish: 1 tweet, Neutral: 10 , Bullish: 10 "
2019-06-09,"Bearish: 0, Neutral: 9, Bullish: 7"
2019-06-08,"Bearish: 1, Neutral: 10, Bullish: 3"
2019-06-07,"Bearish: 2, Neutral: 14, Bullish: 9"
2019-06-06,"Bearish: 1, Neutral: 19, Bullish: 9"
2019-06-05,"Bearish: 2 , Neutral: 10 , Bullish: 10 "
2019-06-04,"Bearish: 2, Neutral: 14, Bullish: 9"
2019-06-03,"Bearish: 2, Neutral: 16, Bullish: 7"
2019-06-02,"Bearish: 1 tweet, Neutral: 9 , Bullish: 7 "
2019-06-01,"Bearish: 1, Neutral: 23, Bullish: 6"
2019-05-31,"Bearish: 3, Neutral: 16, Bullish: 9"
2019-05-30,"Bearish: 2, Neutral: 19, Bullish: 4"
2019-05-29,"Bearish: 2, Neutral: 16, Bullish: 4"
2019-05-28,"Bearish: 0, Neutral: 14, Bullish: 9"
2019-05-27,"Bearish: 3, Neutral: 15, Bullish: 9"
2019-05-26,"Bearish: 1, Neutral: 16, Bullish: 4"
2019-05-25,"Bearish: 2, Neutral: 14, Bullish: 7"
2019-05-24,"Bearish: 2, Neutral: 19, Bullish: 3"
2019-05-23,"Bearish: 2, Neutral: 14, Bullish: 6"
2019-05-22,"Bearish: 2, Neutral: 10, Bullish: 9"
2019-05-21,"Bearish: 3, Neutral: 15, Bullish: 7"
2019-05-20,"Bearish: 0, Neutral: 14, Bullish: 10"
2019-05-19,"Bearish: 0, Neutral: 10, Bullish: 7"
2019-05-18,"Bearish: 1 tweet, Neutral: 14 , Bullish: 5 "
2019-05-17,"Bearish: 4 , Neutral: 23 , Bullish: 3 "
2019-05-16,"Bearish: 1, Neutral: 10, Bullish: 6"
2019-05-13,"Bearish: 0, Neutral: 14, Bullish: 10"
2019-05-12,"Bearish: 0, Neutral: 14, Bullish: 10"
2019-05-11,"Bearish: 0, Neutral: 14, Bullish: 19"
2019-05-10,"Bearish: 2, Neutral: 10, Bullish: 7"
2019-05-09,"Bearish: 2, Neutral: 16, Bullish: 15"
2019-05-08,"Bearish: 2, Neutral: 16, Bullish: 9"
2019-05-07,"Bearish: 2 , Neutral: 14 , Bullish: 10 "
2019-05-06,"Bearish: 1, Neutral: 14, Bullish: 9"
2019-05-05,"Bearish: 1 tweet, Neutral: 7 , Bullish: 6 "
2019-05-04,"Bearish: 1, Neutral: 11, Bullish: 8"
2019-05-03,"Bearish: 2, Neutral: 16, Bullish: 9"
2019-05-02,"Bearish: 1, Neutral: 10, Bullish: 15"
2019-05-01,"Bearish: 1, Neutral: 14, Bullish: 10"
2019-04-30,"Bearish: 2, Neutral: 19, Bullish: 2"
2019-04-29,"Bearish: 1, Neutral: 7, Bullish: 9"
2019-04-28,"Bearish: 1 tweet, Neutral: 7 , Bullish: 12 "
2019-04-27,"Bearish: 1 tweet, Neutral: 10 , Bullish: 9 "
2019-04-26,"Bearish: 2, Neutral: 16, Bullish: 4"
2019-04-25,"Bearish: 7, Neutral: 16, Bullish: 7"
2019-04-24,"Bearish: 2, Neutral: 16, Bullish: 7"
2019-04-23,"Bearish: 2, Neutral: 14, Bullish: 9"
2019-04-22,"Bearish: 1, Neutral: 14, Bullish: 9"
2019-04-21,"Bearish: 6, Neutral: 10, Bullish: 4"
2019-04-20,"Bearish: 2 , Neutral: 9 , Bullish: 9 "
2019-04-19,"Bearish: 2, Neutral: 16, Bullish: 7"
2019-04-18,"Bearish: 3 , Neutral: 14 , Bullish: 7 "
2019-04-17,"Bearish: 1, Neutral: 14, Bullish: 10"
2019-04-16,"Bearish: 1, Neutral: 15, Bullish: 9"
2019-04-15,"Bearish: 0, Neutral: 14, Bullish: 9"
2019-04-14,"Bearish: 5 , Neutral: 10 , Bullish: 6 "
2019-04-13,"Bearish: 1 tweet, Neutral: 10 , Bullish: 10 "
2019-04-12,"Bearish: 2, Neutral: 16, Bullish: 6"
2019-04-11,"Bearish: 2, Neutral: 19, Bullish: 3"
2019-04-10,"Bearish: 2, Neutral: 23, Bullish: 2"
2019-04-09,"Bearish: 5 , Neutral: 14 , Bullish: 6 "
2019-04-08,"Bearish: 2, Neutral: 14, Bullish: 9"
2019-04-07,"Bearish: 0, Neutral: 6, Bullish: 4"
2019-04-06,"Bearish: 0, Neutral: 14, Bullish: 12"
2019-04-05,"Bearish: 1, Neutral: 14, Bullish: 9"
2019-04-04,"Bearish: 0, Neutral: 14, Bullish: 16"
2019-04-02,"Bearish: 2, Neutral: 14, Bullish: 11"
2019-04-01,"Bearish: 3, Neutral: 14, Bullish: 7"
2019-03-31,"Bearish: 1/ The primary motivation for wanting to keep money private from the state isn't tax evasion or laundering money. If it's natural to want to keep phone records and msgs private, the same logic should protect the free flow of our assets. #crypto #bitcoin;, , Neutral: ""RT @BLR13: We made another weird #bitcoin video â€“ this time with some cameos by the one and only #BobRoss. https://t.co/BXsUaPlg0g"";, ""Bitcoin Price Top Forecast: $4,000 is out of the way, what now? https://t.co/o5rIzQwmWb #Bitcoin #BTC #BTCUSD #trading"";, ""1,795 #BTC (7,397,847 USD) transferred from #OKEx to Unknown wallet, Tx: https://t.co/VA2KF8I27Z"";, ""1,791 #BTC (7,354,825 USD) transferred from #OKEx to Unknown wallet, Tx: https://t.co/DJaisWqoLF"";, ""1,855 #BTC (7,624,754 USD) transferred from #OKEx to Unknown wallet, Tx: https://t.co/0rOoQyx4aN"";, ""2,000 #BTC (8,245,076 USD) transferred from Unknown wallet to #OKEx, Tx: https://t.co/w8R6QWduBf"";, ""1,738 #BTC (7,075,100 USD) transferred from #OKEx to Unknown wallet, Tx: https://t.co/nX1nI2jh3I"";, ""1,782 #BTC (7,338,899 USD) transferred from #OKEx to Unknown wallet, Tx: https://t.co/t5yvBMufqa"";, ""1,533 #BTC (6,345,643 USD) transferred from #OKEx to Unknown wallet, Tx: https://t.co/0hKA0c0IjH"";, ""1,721 #BTC (7,082,297 USD) transferred from #OKEx to Unknown wallet, Tx: https://t.co/hJf6hrHmgD"";, ""1,581 #BTC (6,519,677 USD) transferred from #OKEx to Unknown wallet, Tx: https://t.co/okYxIDVToy"";, ""860 #BTC (3,524,795 USD) transferred from Unknown wallet to #Coinbase, Tx: https://t.co/ygNZvGVlax"";, ""1,699 #BTC (6,949,055 USD) transferred from #Huobi to Unknown wallet, Tx: https://t.co/ga7kU3a9J9"";, ""1,591 #BTC (6,497,523 USD) transferred from #Huobi to Unknown wallet, Tx: https://t.co/nXO63fF61P"";, ""1,737 #BTC (7,163,820 USD) transferred from #Huobi to Unknown wallet, Tx: https://t.co/XHQgqbHTZo"";, ""1,747 #BTC (7,228,383 USD) transferred from #OKEx to Unknown wallet, Tx: https://t.co/B2E0urkhaq"";, ""1,381 #BTC (5,689,004 USD) transferred from #OKEx to Unknown wallet, Tx: https://t.co/OlYnMfryRm"";, ""645 #BTC (2,645,840 USD) transferred from https://t.co/lUWpn4ZQl3 to Unknown wallet, Tx: https://t.co/3DHQzRtMFB"";, ""RT @UglyOldGoat1: THE RISK/REWARD RATIO IS A CANARD https://t.co/cdFmuANfS7 , @ToneVays @LeahWald @LucidInvestment #bitcoin #Bitcointrading"";, ""Trading #Bitcoin w/ @LucidInvestment &amp; maybe the lovely @LeahWald to talk about the #StockMarket BreakOut in $SPX and maybe some $BTCUSD charts :), https://t.co/w969olLxcX"";, ""QE will print #bitcoin to $100trillionðŸš€ https://t.co/EuXsxnbHRR"";, ""RT @CryptoCastNet: All new ðŸ”´#LIVE episode of The #Bitcoin News Show today @ 12pm PT ðŸ•›, 3pm ET ðŸ•’only on @CryptoCastNet!        , Topics:  , -â€¦"";, ""@Gkaros27 @paulvigna @coinbase @WSJ How would you rank the #crypto industry's bad terminology, often borrowed from the legacy system &amp; sometimes attracting the wrath of legacy regulators:, 1. ICO, 2. smart contract (neither smart nor a contract), 3. interest (instead of staking gains), 4. stablecoin (not always stable)"";, ""The #crypto industry has a bad habit of using legacy system terms that don't quite fit/can attract regulator wrath. After #ICO which is worst? #SmartContracts (not smart/not a contract), #interest (calling staking gains interest) or #stablecoin (not always stable). @ForbesCrypto"";, , Bullish: None."
2019-03-30,"Bearish: 2, Neutral: 14, Bullish: 6"
2019-03-29,"Bearish: 0, Neutral: 14, Bullish: 9"
2019-03-28,"Bearish: 1, Neutral: 6, Bullish: 3"
2019-03-27,"Bearish: 1, Neutral: 14, Bullish: 10"
2019-03-26,"Bearish: 2, Neutral: 19, Bullish: 3"
2019-03-25,"Bearish: 4 , Neutral: 16 , Bullish: 4 "
2019-03-24,"Bearish: 2, Neutral: 12, Bullish: 6"
2019-03-23,"Bearish: 1 tweet, Neutral: 9 , Bullish: 6 "
2019-03-22,"Bearish: 2, Neutral: 16, Bullish: 7"
2019-03-21,"Bearish: 2, Neutral: 14, Bullish: 9"
2019-03-20,"Bearish: 1, Neutral: 14, Bullish: 10"
2019-03-19,"Bearish: 2, Neutral: 16, Bullish: 7"
2019-03-18,"Bearish: 1, Neutral: 11, Bullish: 8"
2019-03-17,"Bearish: 2, Neutral: 8, Bullish: 4"
2019-03-16,"Bearish: 0, Neutral: 5, Bullish: 9"
2019-03-15,"Bearish: 2, Neutral: 16, Bullish: 7"
2019-03-14,"Bearish: 1, Neutral: 10, Bullish: 10"
2019-03-13,"Bearish: 1, Neutral: 10, Bullish: 9"
2019-03-12,"Bearish: 2, Neutral: 14, Bullish: 9"
2019-03-11,"Bearish: 1, Neutral: 6, Bullish: 0"
2019-03-10,"Bearish: 0, Neutral: 10, Bullish: 10"
2019-03-09,"Bearish: 1 tweet, Neutral: 12 , Bullish: 7 "
2019-03-08,"Bearish: 1, Neutral: 10, Bullish: 0"
2019-03-07,"Bearish: 0, Neutral: 14, Bullish: 9"
2019-03-06,"Bearish: 0, Neutral: 14, Bullish: 9"
2019-03-05,"Bearish: 0, Neutral: 10, Bullish: 10"
2019-03-04,"Bearish: 2, Neutral: 19, Bullish: 9"
2019-03-03,"Bearish: 5 , Neutral: 14 , Bullish: 6 "
2019-03-02,"Bearish: 4 , Neutral: 11 , Bullish: 5 "
2019-03-01,"Bearish: 4, Neutral: 16, Bullish: 10"
2019-02-28,"Bearish: 1, Neutral: 14, Bullish: 7"
2019-02-27,"Bearish: 4 , Neutral: 16 , Bullish: 10 "
2019-02-26,"Bearish: 4, Neutral: 23, Bullish: 10"
2019-02-25,"Bearish: 1, Neutral: 15, Bullish: 9"
2019-02-24,"Bearish: 3 , Neutral: 14 , Bullish: 8 "
2019-02-23,"Bearish: 0, Neutral: 9, Bullish: 8"
2019-02-22,"Bearish: 2, Neutral: 16, Bullish: 11"
2019-02-21,"Bearish: 1, Neutral: 14, Bullish: 9"
2019-02-20,"Bearish: 4, Neutral: 19, Bullish: 10"
2019-02-19,"Bearish: 1, Neutral: 16, Bullish: 7"
2019-02-18,"Bearish: 0, Neutral: 10, Bullish: 10"
2019-02-17,"Bearish: 0, Neutral: 9, Bullish: 9"
2019-02-16,"Bearish: 0, Neutral: 9, Bullish: 7"
2019-02-15,"Bearish: 4, Neutral: 15, Bullish: 10"
2019-02-14,"Bearish: 5, Neutral: 11, Bullish: 6"
2019-02-13,"Bearish: 4, Neutral: 16, Bullish: 14"
2019-02-12,"Bearish: 4, Neutral: 16, Bullish: 10"
2019-02-11,"Bearish: 4 , Neutral: 14 , Bullish: 8 "
2019-02-10,"Bearish: 5 , Neutral: 12 , Bullish: 8 "
2019-02-09,"Bearish: 2, Neutral: 9, Bullish: 4"
2019-02-08,"Bearish: 1, Neutral: 14, Bullish: 10"
2019-02-07,"Bearish: 4, Neutral: 19, Bullish: 14"
2019-02-06,"Bearish: 2, Neutral: 14, Bullish: 9"
2019-02-05,"Bearish: 1, Neutral: 10, Bullish: 14"
2019-02-04,"Bearish: 4, Neutral: 16, Bullish: 7"
2019-02-03,"Bearish: 1 tweet, Neutral: 14 , Bullish: 9 "
2019-02-02,"Bearish: 2, Neutral: 14, Bullish: 6"
2019-02-01,"Bearish: 9 , Neutral: 14 , Bullish: 9 "
2019-01-31,"Bearish: 4, Neutral: 19, Bullish: 9"
2019-01-30,"Bearish: 5 , Neutral: 15 , Bullish: 5 "
2019-01-29,"Bearish: 2, Neutral: 16, Bullish: 7"
2019-01-28,"Bearish: 2, Neutral: 14, Bullish: 6"
2019-01-27,"Bearish: 2, Neutral: 11, Bullish: 7"
2019-01-26,"Bearish: 1 tweet, Neutral: 11 , Bullish: 8 "
2019-01-25,"Bearish: 2, Neutral: 16, Bullish: 9"
2019-01-24,"Bearish: 3, Neutral: 14, Bullish: 9"
2019-01-23,"Bearish: 3, Neutral: 14, Bullish: 9"
2019-01-22,"Bearish: 2, Neutral: 14, Bullish: 9"
2019-01-21,"Bearish: 2 , Neutral: 16 , Bullish: 7 "
2019-01-20,"Bearish: 2, Neutral: 11, Bullish: 7"
2019-01-19,"Bearish: 2, Neutral: 14, Bullish: 5"
2019-01-18,"Bearish: 0, Neutral: 10, Bullish: 9"
2019-01-17,"Bearish: 3, Neutral: 14, Bullish: 9"
2019-01-16,"Bearish: 2, Neutral: 23, Bullish: 6"
2019-01-15,"Bearish: 2, Neutral: 16, Bullish: 7"
2019-01-14,"Bearish: 1, Neutral: 9, Bullish: 10"
2019-01-13,"Bearish: 0, Neutral: 10, Bullish: 7"
2019-01-12,"Bearish: 4, Neutral: 10, Bullish: 6"
2019-01-11,"Bearish: 2, Neutral: 11, Bullish: 9"
2019-01-08,"Bearish: 2, Neutral: 16, Bullish: 11"
2019-01-07,"Bearish: 1, Neutral: 16, Bullish: 9"
2019-01-06,"Bearish: 1, Neutral: 10, Bullish: 9"
2019-01-05,"Bearish: 5 , Neutral: 12 , Bullish: 6 "
2019-01-04,"Bearish: 2, Neutral: 14, Bullish: 9"
2019-01-03,"Bearish: 1, Neutral: 15, Bullish: 10"
2019-01-02,"Bearish: 3 , Neutral: 14 , Bullish: 8 "
2019-01-01,"Bearish: 1 tweet, Neutral: 9 , Bullish: 7 "
2018-12-31,"Bearish: 4 , Neutral: 14 , Bullish: 5 "
2018-12-30,"Bearish: 1 tweet, Neutral: 9 , Bullish: 6 "
2018-12-29,"Bearish: 2 , Neutral: 9 , Bullish: 5 "
2018-12-28,"Bearish: 4 , Neutral: 16 , Bullish: 5 "
2018-12-27,"Bearish: 3 , Neutral: 11 , Bullish: 9 "
2018-12-26,"Bearish: 1 tweet, Neutral: 7 , Bullish: 4 "
2018-12-25,"Bearish: 1, Neutral: 5, Bullish: 4"
2018-12-24,"Bearish: 1 tweet, Neutral: 9 , Bullish: 10 "
2018-12-23,"Bearish: 3, Neutral: 11, Bullish: 6"
2018-12-22,"Bearish: 0, Neutral: 9, Bullish: 5"
2018-12-21,"Bearish: 2, Neutral: 14, Bullish: 9"
2018-12-20,"Bearish: 1, Neutral: 16, Bullish: 6"
2018-12-19,"Bearish: 0, Neutral: 14, Bullish: 16"
2018-12-18,"Bearish: 4, Neutral: 19, Bullish: 11"
2018-12-17,"Bearish: 2, Neutral: 16, Bullish: 11"
2018-12-16,"Bearish: 1 tweet, Neutral: 9 , Bullish: 6 "
2018-12-15,"Bearish: 3 , Neutral: 12 , Bullish: 7 "
2018-12-14,"Bearish: 4, Neutral: 16, Bullish: 3"
2018-12-13,"Bearish: 2, Neutral: 16, Bullish: 4"
2018-12-12,"Bearish: 3, Neutral: 15, Bullish: 9"
2018-12-11,"Bearish: 4 , Neutral: 15 , Bullish: 10 "
2018-12-10,"Bearish: 4, Neutral: 14, Bullish: 6"
2018-12-09,"Bearish: 3 , Neutral: 12 , Bullish: 6 "
2018-12-08,"Bearish: 4 , Neutral: 12 , Bullish: 5 "
2018-12-07,"Bearish: 6, Neutral: 12, Bullish: 6"
2018-12-06,"Bearish: 2, Neutral: 14, Bullish: 9"
2018-12-05,"Bearish: 1, Neutral: 23, Bullish: 0"
2018-12-04,"Bearish: 4, Neutral: 14, Bullish: 9"
2018-12-03,"Bearish: 2, Neutral: 11, Bullish: 10"
2018-12-02,"Bearish: 3, Neutral: 10, Bullish: 7"
2018-12-01,"Bearish: 4 , Neutral: 14 , Bullish: 6 "
2018-11-30,"Bearish: 4, Neutral: 19, Bullish: 10"
2018-11-29,"Bearish: 4, Neutral: 14, Bullish: 7"
2018-11-28,"Bearish: 6, Neutral: 14, Bullish: 9"
2018-11-26,"Bearish: 7, Neutral: 14, Bullish: 5"
2018-11-25,"Bearish: 2, Neutral: 12, Bullish: 6"
2018-11-24,"Bearish: 1, Neutral: 7, Bullish: 4"
2018-11-23,"Bearish: 4, Neutral: 11, Bullish: 6"
2018-11-22,"Bearish: 3, Neutral: 14, Bullish: 8"
2018-11-21,"Bearish: 7 , Neutral: 16 , Bullish: 10 "
2018-11-20,"Bearish: 14 , Neutral: 10 , Bullish: 9 "
2018-11-19,"Bearish: 14, Neutral: 10, Bullish: 4"
2018-11-18,"Bearish: 1 tweet, Neutral: 12 , Bullish: 7 "
2018-11-17,"Bearish: 0, Neutral: 14, Bullish: 7"
2018-11-16,"Bearish: 2, Neutral: 16, Bullish: 4"
2018-11-14,"Bearish: 2, Neutral: 16, Bullish: 7"
2018-11-13,"Bearish: 1, Neutral: 14, Bullish: 7"
2018-11-12,"Bearish: 0, Neutral: 6, Bullish: 2"
2018-11-11,"Bearish: 1, Neutral: 10, Bullish: 9"
2018-11-10,"Bearish: 2, Neutral: 9, Bullish: 7"
2018-11-09,"Bearish: 1, Neutral: 5, Bullish: 0"
2018-11-08,"Bearish: 4 , Neutral: 19 , Bullish: 10 "
2018-11-07,"Bearish: 2, Neutral: 26, Bullish: 7"
2018-11-06,"Bearish: 2, Neutral: 14, Bullish: 9"
2018-11-05,"Bearish: 1, Neutral: 10, Bullish: 9"
2018-11-04,"Bearish: 2, Neutral: 9, Bullish: 5"
2018-11-03,"Bearish: 3, Neutral: 10, Bullish: 4"
2018-11-02,"Bearish: 2, Neutral: 16, Bullish: 9"
2018-11-01,"Bearish: 3 , Neutral: 14 , Bullish: 8 "
2018-10-30,"Bearish: 1 tweet, Neutral: 14 , Bullish: 9 "
2018-10-29,"Bearish: 1, Neutral: 14, Bullish: 10"
2018-10-28,"Bearish: 1, Neutral: 11, Bullish: 4"
2018-10-27,"Bearish: 2, Neutral: 14, Bullish: 5"
2018-10-26,"Bearish: 1, Neutral: 14, Bullish: 10"
2018-10-25,"Bearish: 1, Neutral: 10, Bullish: 9"
2018-10-24,"Bearish: 1, Neutral: 10, Bullish: 9"
2018-10-23,"Bearish: 2, Neutral: 16, Bullish: 6"
2018-10-22,"Bearish: 2, Neutral: 14, Bullish: 9"
2018-10-21,"Bearish: 1, Neutral: 11, Bullish: 4"
2018-10-20,"Bearish: 1 tweet, Neutral: 11 , Bullish: 4 "
2018-10-19,"Bearish: 2, Neutral: 26, Bullish: 0"
2018-10-18,"Bearish: 2, Neutral: 16, Bullish: 6"
2018-10-17,"Bearish: 2, Neutral: 16, Bullish: 7"
2018-10-16,"Bearish: 3, Neutral: 14, Bullish: 7"
2018-10-14,"Bearish: 1, Neutral: 12, Bullish: 7"
2018-10-13,"Bearish: 1 tweet, Neutral: 10 , Bullish: 14 "
2018-10-12,"Bearish: 2, Neutral: 16, Bullish: 6"
2018-10-11,"Bearish: 7, Neutral: 10, Bullish: 9"
2018-10-10,"Bearish: 2, Neutral: 14, Bullish: 9"
2018-10-09,"Bearish: 2, Neutral: 16, Bullish: 2"
2018-10-08,"Bearish: 4 , Neutral: 14 , Bullish: 7 "
2018-10-07,"Bearish: 4, Neutral: 14, Bullish: 4"
2018-10-06,"Bearish: 1 tweet, Neutral: 9 , Bullish: 10 "
2018-10-05,"Bearish: 1 tweet, Neutral: 16 , Bullish: 10 "
2018-10-04,"Bearish: 2, Neutral: 14, Bullish: 9"
2018-10-03,"Bearish: 4 , Neutral: 14 , Bullish: 7 "
2018-10-02,"Bearish: 3, Neutral: 15, Bullish: 7"
2018-10-01,"Bearish: 4 , Neutral: 19 , Bullish: 9 "
2018-09-30,"Bearish: 1 tweet, Neutral: 6 , Bullish: 3 "
2018-09-29,"Bearish: 1, Neutral: 6, Bullish: 5"
2018-09-28,"Bearish: 2, Neutral: 14, Bullish: 9"
2018-09-27,"Bearish: 4 , Neutral: 14 , Bullish: 9 "
2018-09-26,"Bearish: 3, Neutral: 14, Bullish: 8"
2018-09-25,"Bearish: 6, Neutral: 14, Bullish: 10"
2018-09-24,"Bearish: 1, Neutral: 12, Bullish: 7"
2018-09-23,"Bearish: 4 , Neutral: 13 , Bullish: 4 "
2018-09-22,"Bearish: 1 tweet, Neutral: 14 , Bullish: 10 "
2018-09-21,"Bearish: 0, Neutral: 19, Bullish: 6"
2018-09-20,"Bearish: 3 , Neutral: 15 , Bullish: 7 "
2018-09-19,"Bearish: 2, Neutral: 16, Bullish: 6"
2018-09-18,"Bearish: 6, Neutral: 12, Bullish: 4"
2018-09-17,"Bearish: 3 , Neutral: 16 , Bullish: 7 "
2018-09-16,"Bearish: 1, Neutral: 12, Bullish: 4"
2018-09-15,"Bearish: 4 , Neutral: 8 , Bullish: 4 "
2018-09-14,"Bearish: 3, Neutral: 15, Bullish: 7"
2018-09-13,"Bearish: 2, Neutral: 14, Bullish: 8"
2018-09-12,"Bearish: 7, Neutral: 14, Bullish: 9"
2018-09-11,"Bearish: 6, Neutral: 14, Bullish: 4"
2018-09-10,"Bearish: 4, Neutral: 15, Bullish: 14"
2018-09-09,"Bearish: 0, Neutral: 6, Bullish: 7"
2018-09-08,"Bearish: 1 tweet, Neutral: 7 , Bullish: 5 "
2018-09-07,"Bearish: 2 , Neutral: 11 , Bullish: 7 "
2018-09-06,"Bearish: 9 , Neutral: 10 , Bullish: 6 "
2018-09-05,"Bearish: 7 , Neutral: 14 , Bullish: 6 "
2018-09-04,"Bearish: 1, Neutral: 9, Bullish: 7"
2018-09-03,"Bearish: 2, Neutral: 12, Bullish: 6"
2018-09-02,"Bearish: 4 , Neutral: 7 , Bullish: 5 "
2018-09-01,"Bearish: 1 tweet, Neutral: 7 , Bullish: 5 "
2018-08-31,"Bearish: 2, Neutral: 14, Bullish: 9"
2018-08-30,"Bearish: 5, Neutral: 16, Bullish: 6"
2018-08-29,"Bearish: 4, Neutral: 14, Bullish: 9"
2018-08-28,"Bearish: 4, Neutral: 16, Bullish: 10"
2018-08-27,"Bearish: 4, Neutral: 16, Bullish: 7"
2018-08-26,"Bearish: 3 , Neutral: 11 , Bullish: 7 "
2018-08-25,"Bearish: 3 , Neutral: 10 , Bullish: 6 "
2018-08-24,"Bearish: 6, Neutral: 11, Bullish: 9"
2018-08-23,"Bearish: 4 , Neutral: 14 , Bullish: 7 "
2018-08-22,"Bearish: 4 , Neutral: 15 , Bullish: 11 "
2018-08-21,"Bearish: 4 , Neutral: 14 , Bullish: 6 "
2018-08-20,"Bearish: 2, Neutral: 14, Bullish: 7"
2018-08-19,"Bearish: 0, Neutral: 4, Bullish: 2"
2018-08-18,"Bearish: 1 tweet, Neutral: 7 , Bullish: 6 "
2018-08-17,"Bearish: 3, Neutral: 10, Bullish: 10"
2018-08-16,"Bearish: 4, Neutral: 14, Bullish: 6"
2018-08-15,"Bearish: 3, Neutral: 15, Bullish: 7"
2018-08-14,"Bearish: 9 , Neutral: 14 , Bullish: 11 "
2018-08-13,"Bearish: 6, Neutral: 16, Bullish: 12"
2018-08-12,"Bearish: 5 , Neutral: 11 , Bullish: 6 "
2018-08-11,"Bearish: 2, Neutral: 11, Bullish: 6"
2018-08-10,"Bearish: 7, Neutral: 14, Bullish: 9"
2018-08-09,"Bearish: 7 , Neutral: 14 , Bullish: 6 "
2018-08-08,"Bearish: 7 , Neutral: 14 , Bullish: 9 "
2018-08-07,"Bearish: 7, Neutral: 14, Bullish: 10"
2018-08-06,"Bearish: 4, Neutral: 16, Bullish: 5"
2018-08-05,"Bearish: 3, Neutral: 7, Bullish: 10"
2018-08-04,"Bearish: 3 , Neutral: 12 , Bullish: 7 "
2018-08-02,"Bearish: 4, Neutral: 14, Bullish: 7"
2018-08-01,"Bearish: 4, Neutral: 14, Bullish: 7"
2018-07-31,"Bearish: 5 , Neutral: 14 , Bullish: 10 "
2018-07-30,"Bearish: 4, Neutral: 10, Bullish: 7"
2018-07-29,"Bearish: 1 tweet, Neutral: 7 , Bullish: 4 "
2018-07-28,"Bearish: 2, Neutral: 11, Bullish: 6"
2018-07-27,"Bearish: 3 , Neutral: 14 , Bullish: 8 "
2018-07-26,"Bearish: 5, Neutral: 14, Bullish: 9"
2018-07-25,"Bearish: 2, Neutral: 14, Bullish: 9"
2018-07-24,"Bearish: 3, Neutral: 14, Bullish: 11"
2018-07-23,"Bearish: 2, Neutral: 12, Bullish: 7"
2018-07-22,"Bearish: 2 , Neutral: 7 , Bullish: 3 "
2018-07-21,"Bearish: 2 , Neutral: 11 , Bullish: 7 "
2018-07-20,"Bearish: 2, Neutral: 15, Bullish: 8"
2018-07-19,"Bearish: 4, Neutral: 11, Bullish: 10"
2018-07-18,"Bearish: 5 , Neutral: 14 , Bullish: 10 "
2018-07-17,"Bearish: 5 , Neutral: 19 , Bullish: 11 "
2018-07-16,"Bearish: 4 , Neutral: 14 , Bullish: 9 "
2018-07-15,"Bearish: 2, Neutral: 12, Bullish: 6"
2018-07-14,"Bearish: 1 tweet, Neutral: 9 , Bullish: 5 "
2018-07-13,"Bearish: 2, Neutral: 14, Bullish: 8"
2018-07-12,"Bearish: 3 , Neutral: 9 , Bullish: 8 "
2018-07-11,"Bearish: 4, Neutral: 12, Bullish: 6"
2018-07-10,"Bearish: 6, Neutral: 12, Bullish: 6"
2018-07-09,"Bearish: 4 , Neutral: 9 , Bullish: 5 "
2018-07-08,"Bearish: 1 tweet, Neutral: 5 , Bullish: 4 "
2018-07-07,"Bearish: 0, Neutral: 7, Bullish: 6"
2018-07-06,"Bearish: 3, Neutral: 12, Bullish: 7"
2018-07-05,"Bearish: 2, Neutral: 12, Bullish: 6"
2018-07-04,"Bearish: 1 tweet, Neutral: 9 , Bullish: 5 "
2018-07-03,"Bearish: 4, Neutral: 10, Bullish: 6"
2018-07-02,"Bearish: 3, Neutral: 7, Bullish: 10"
2018-07-01,"Bearish: 2, Neutral: 9, Bullish: 5"
2018-06-30,"Bearish: 2, Neutral: 11, Bullish: 5"
2018-06-29,"Bearish: 9 , Neutral: 12 , Bullish: 6 "
2018-06-28,"Bearish: 4 , Neutral: 16 , Bullish: 10 "
2018-06-26,"Bearish: 4 , Neutral: 14 , Bullish: 8 "
2018-06-25,"Bearish: 6, Neutral: 12, Bullish: 3"
2018-06-24,"Bearish: 1 tweet, Neutral: 7 , Bullish: 8 "
2018-06-23,"Bearish: 3, Neutral: 10, Bullish: 6"
2018-06-22,"Bearish: 7 , Neutral: 12 , Bullish: 4 "
2018-06-21,"Bearish: 3, Neutral: 11, Bullish: 6"
2018-06-20,"Bearish: 4, Neutral: 7, Bullish: 9"
2018-06-19,"Bearish: 2, Neutral: 11, Bullish: 9"
2018-06-18,"Bearish: 3, Neutral: 7, Bullish: 10"
2018-06-17,"Bearish: 2 , Neutral: 7 , Bullish: 4 "
2018-06-16,"Bearish: 2 , Neutral: 6 , Bullish: 2 "
2018-06-15,"Bearish: 2, Neutral: 14, Bullish: 9"
2018-06-14,"Bearish: 4 , Neutral: 5 , Bullish: 9 "
2018-06-13,"Bearish: 6, Neutral: 16, Bullish: 6"
2018-06-12,"Bearish: 3, Neutral: 3, Bullish: 5"
2018-06-11,"Bearish: 10 , Neutral: 9 , Bullish: 6 "
2018-06-10,"Bearish: 4 , Neutral: 10 , Bullish: 5 "
2018-06-09,"Bearish: 2, Neutral: 11, Bullish: 7"
2018-06-08,"Bearish: 2, Neutral: 14, Bullish: 10"
2018-06-07,"Bearish: 4, Neutral: 19, Bullish: 14"
2018-06-06,"Bearish: 2, Neutral: 6, Bullish: 14"
2018-06-05,"Bearish: 2, Neutral: 14, Bullish: 7"
2018-06-04,"Bearish: 3, Neutral: 14, Bullish: 8"
2018-06-03,"Bearish: 2, Neutral: 11, Bullish: 7"
2018-06-02,"Bearish: 3 , Neutral: 11 , Bullish: 6 "
2018-06-01,"Bearish: 2, Neutral: 15, Bullish: 9"
2018-05-31,"Bearish: 1, Neutral: 10, Bullish: 9"
2018-05-30,"Bearish: 2, Neutral: 7, Bullish: 3"
2018-05-29,"Bearish: 2, Neutral: 14, Bullish: 6"
2018-05-28,"Bearish: 2 , Neutral: 5 , Bullish: 3 "
2018-05-27,"Bearish: 3, Neutral: 9, Bullish: 8"
2018-05-26,"Bearish: 1 tweet, Neutral: 6 , Bullish: 5 "
2018-05-25,"Bearish: 3, Neutral: 14, Bullish: 7"
2018-05-24,"Bearish: 7 , Neutral: 10 , Bullish: 4 "
2018-05-23,"Bearish: 10, Neutral: 10, Bullish: 7"
2018-05-22,"Bearish: 4 , Neutral: 14 , Bullish: 7 "
2018-05-21,"Bearish: 2 , Neutral: 14 , Bullish: 8 "
2018-05-20,"Bearish: 1 tweet, Neutral: 7 , Bullish: 4 "
2018-05-19,"Bearish: 0, Neutral: 10, Bullish: 8"
2018-05-18,"Bearish: 4, Neutral: 16, Bullish: 6"
2018-05-17,"Bearish: 2, Neutral: 16, Bullish: 9"
2018-05-16,"Bearish: 3 , Neutral: 16 , Bullish: 7 "
2018-05-15,"Bearish: 1 tweet, Neutral: 19 , Bullish: 10 "
2018-05-14,"Bearish: 2, Neutral: 16, Bullish: 7"
2018-05-13,"Bearish: 1 tweet, Neutral: 9 , Bullish: 7 "
2018-05-12,"Bearish: 4, Neutral: 12, Bullish: 6"
2018-05-11,"Bearish: 10, Neutral: 14, Bullish: 6"
2018-05-10,"Bearish: 4 , Neutral: 15 , Bullish: 11 "
2018-05-09,"Bearish: 2, Neutral: 16, Bullish: 7"
2018-05-08,"Bearish: 3, Neutral: 14, Bullish: 7"
2018-05-07,"Bearish: 9 , Neutral: 12 , Bullish: 6 "
2018-05-06,"Bearish: 2 , Neutral: 9 , Bullish: 5 "
2018-05-05,"Bearish: 2 , Neutral: 12 , Bullish: 10 "
2018-05-04,"Bearish: 2, Neutral: 14, Bullish: 9"
2018-05-03,"Bearish: 6, Neutral: 10, Bullish: 9"
2018-05-02,"Bearish: 4, Neutral: 14, Bullish: 7"
2018-05-01,"Bearish: 6, Neutral: 14, Bullish: 4"
2018-04-30,"Bearish: 4, Neutral: 14, Bullish: 6"
2018-04-29,"Bearish: 1 tweet, Neutral: 10 , Bullish: 4 "
2018-04-28,"Bearish: 1 tweet, Neutral: 7 , Bullish: 4 "
2018-04-27,"Bearish: 3, Neutral: 15, Bullish: 9"
2018-04-26,"Bearish: 2, Neutral: 19, Bullish: 12"
2018-04-25,"Bearish: 6, Neutral: 14, Bullish: 6"
2018-04-24,"Bearish: 4, Neutral: 16, Bullish: 11"
2018-04-23,"Bearish: 2, Neutral: 16, Bullish: 10"
2018-04-22,"Bearish: 2, Neutral: 16, Bullish: 7"
2018-04-21,"Bearish: 2, Neutral: 11, Bullish: 6"
2018-04-20,"Bearish: 4, Neutral: 14, Bullish: 7"
2018-04-19,"Bearish: 2, Neutral: 14, Bullish: 10"
2018-04-18,"Bearish: 9 , Neutral: 15 , Bullish: 11 "
2018-04-17,"Bearish: 5 , Neutral: 16 , Bullish: 9 "
2018-04-16,"Bearish: 4 , Neutral: 15 , Bullish: 11 "
2018-04-15,"Bearish: 3, Neutral: 11, Bullish: 6"
2018-04-14,"Bearish: 1 tweet, Neutral: 10 , Bullish: 7 "
2018-04-13,"Bearish: 3, Neutral: 16, Bullish: 11"
2018-04-12,"Bearish: 2, Neutral: 16, Bullish: 9"
2018-04-11,"Bearish: 3, Neutral: 15, Bullish: 10"
2018-04-10,"Bearish: 6, Neutral: 15, Bullish: 9"
2018-04-09,"Bearish: 4, Neutral: 19, Bullish: 14"
2018-04-08,"Bearish: 6, Neutral: 14, Bullish: 4"
2018-04-07,"Bearish: 4, Neutral: 14, Bullish: 6"
2018-04-06,"Bearish: 5, Neutral: 19, Bullish: 11"
2018-04-05,"Bearish: 6, Neutral: 16, Bullish: 6"
2018-04-04,"Bearish: 5 , Neutral: 14 , Bullish: 9 "
2018-04-03,"Bearish: 4, Neutral: 14, Bullish: 9"
2018-04-02,"Bearish: 2, Neutral: 15, Bullish: 8"
2018-04-01,"Bearish: 1, Neutral: 11, Bullish: 8"
2018-03-31,"Bearish: 1, Neutral: 16, Bullish: 4"
2018-03-30,"Bearish: 4 , Neutral: 14 , Bullish: 9 "
2018-03-29,"Bearish: 7, Neutral: 15, Bullish: 13"
2018-03-28,"Bearish: 3, Neutral: 16, Bullish: 7"
2018-03-27,"Bearish: 4, Neutral: 16, Bullish: 9"
2018-03-26,"Bearish: 6, Neutral: 14, Bullish: 10"
2018-03-25,"Bearish: 2, Neutral: 11, Bullish: 5"
2018-03-24,"Bearish: 3, Neutral: 16, Bullish: 6"
2018-03-23,"Bearish: 2, Neutral: 14, Bullish: 9"
2018-03-22,"Bearish: 1 tweet, Neutral: 15 , Bullish: 10 "
2018-03-21,"Bearish: 6, Neutral: 16, Bullish: 10"
2018-03-20,"Bearish: 5, Neutral: 19, Bullish: 11"
2018-03-19,"Bearish: 4, Neutral: 11, Bullish: 5"
2018-03-18,"Bearish: 6, Neutral: 12, Bullish: 6"
2018-03-17,"Bearish: 3 , Neutral: 11 , Bullish: 6 "
2018-03-16,"Bearish: 6, Neutral: 14, Bullish: 6"
2018-03-15,"Bearish: 2, Neutral: 14, Bullish: 7"
2018-03-14,"Bearish: 7, Neutral: 14, Bullish: 4"
2018-03-13,"Bearish: 4, Neutral: 15, Bullish: 11"
2018-03-12,"Bearish: 4 , Neutral: 7 , Bullish: 6 "
2018-03-11,"Bearish: 3, Neutral: 11, Bullish: 6"
2018-03-10,"Bearish: 6, Neutral: 16, Bullish: 9"
2018-03-09,"Bearish: 9 , Neutral: 14 , Bullish: 7 "
2018-03-08,"Bearish: 6, Neutral: 16, Bullish: 9"
2018-03-07,"Bearish: 7, Neutral: 16, Bullish: 9"
2018-03-06,"Bearish: 2, Neutral: 16, Bullish: 9"
2018-03-05,"Bearish: 5 , Neutral: 19 , Bullish: 10 "
2018-03-04,"Bearish: 3, Neutral: 14, Bullish: 5"
2018-03-03,"Bearish: 3, Neutral: 14, Bullish: 7"
2018-03-02,"Bearish: 4 , Neutral: 16 , Bullish: 10 "
2018-03-01,"Bearish: 10, Neutral: 17, Bullish: 9"
2018-02-28,"Bearish: 2, Neutral: 16, Bullish: 9"
2018-02-27,"Bearish: 5, Neutral: 16, Bullish: 11"
2018-02-26,"Bearish: 3, Neutral: 16, Bullish: 9"
2018-02-25,"Bearish: 4, Neutral: 14, Bullish: 6"
2018-02-24,"Bearish: 4 , Neutral: 14 , Bullish: 7 "
2018-02-23,"Bearish: 5 , Neutral: 16 , Bullish: 9 "
2018-02-22,"Bearish: 9, Neutral: 15, Bullish: 11"
2018-02-21,"Bearish: 4, Neutral: 10, Bullish: 9"
2018-02-20,"Bearish: 5 , Neutral: 19 , Bullish: 11 "
2018-02-19,"Bearish: 3, Neutral: 14, Bullish: 7"
2018-02-18,"Bearish: 4, Neutral: 12, Bullish: 7"
2018-02-17,"Bearish: 3, Neutral: 9, Bullish: 4"
2018-02-16,"Bearish: 4, Neutral: 16, Bullish: 14"
2018-02-15,"Bearish: 4, Neutral: 15, Bullish: 11"
2018-02-14,"Bearish: 3, Neutral: 16, Bullish: 11"
2018-02-13,"Bearish: 5 , Neutral: 16 , Bullish: 7 "
2018-02-12,"Bearish: 4, Neutral: 16, Bullish: 10"
2018-02-11,"Bearish: 4, Neutral: 12, Bullish: 5"
2018-02-10,"Bearish: 4, Neutral: 14, Bullish: 7"
2018-02-09,"Bearish: 7, Neutral: 15, Bullish: 13"
2018-02-08,"Bearish: 5, Neutral: 16, Bullish: 13"
2018-02-04,"Bearish: 3 , Neutral: 14 , Bullish: 6 "
2018-02-03,"Bearish: 3, Neutral: 19, Bullish: 7"
2018-02-02,"Bearish: 14, Neutral: 15, Bullish: 9"
2018-01-31,"Bearish: 6, Neutral: 16, Bullish: 10"
2018-01-30,"Bearish: 7 , Neutral: 19 , Bullish: 14 "
2018-01-29,"Bearish: 4, Neutral: 14, Bullish: 9"
2018-01-28,"Bearish: 2, Neutral: 14, Bullish: 7"
2018-01-27,"Bearish: 3 , Neutral: 14 , Bullish: 9 "
2018-01-26,"Bearish: 7, Neutral: 14, Bullish: 6"
2018-01-25,"Bearish: 3, Neutral: 16, Bullish: 14"
2018-01-24,"Bearish: 4, Neutral: 16, Bullish: 14"
2018-01-22,"Bearish: 5 , Neutral: 15 , Bullish: 7 "
2018-01-21,"Bearish: 2, Neutral: 16, Bullish: 4"
2018-01-20,"Bearish: 4, Neutral: 14, Bullish: 6"
2018-01-19,"Bearish: 5, Neutral: 16, Bullish: 7"
2018-01-18,"Bearish: 7, Neutral: 19, Bullish: 14"
2018-01-16,"Bearish: 10, Neutral: 17, Bullish: 9"
2018-01-15,"Bearish: 7, Neutral: 14, Bullish: 6"
2018-01-14,"Bearish: 4 , Neutral: 16 , Bullish: 6 "
2018-01-13,"Bearish: 2, Neutral: 14, Bullish: 7"
2018-01-12,"Bearish: 5 , Neutral: 16 , Bullish: 10 "
2018-01-10,"Bearish: 10 , Neutral: 19 , Bullish: 11 "
2018-01-09,"Bearish: 5, Neutral: 15, Bullish: 10"
2018-01-08,"Bearish: 5, Neutral: 14, Bullish: 9"
2018-01-07,"Bearish: 3, Neutral: 14, Bullish: 7"
2018-01-06,"Bearish: 2 , Neutral: 16 , Bullish: 9 "
2018-01-05,"Bearish: 6, Neutral: 16, Bullish: 13"
2018-01-04,"Bearish: 7 , Neutral: 16 , Bullish: 9 "
2018-01-03,"Bearish: 2, Neutral: 14, Bullish: 9"
2018-01-02,"Bearish: 3, Neutral: 16, Bullish: 9"
2018-01-01,"Bearish: 2, Neutral: 14, Bullish: 5"
